Company_Name,Skill_1,Skill_2,Skill_3,Domain,Location,Minimum_CGPA,Duration,Recommended_Degree
A G Technologies Pvt Ltd,"Network Security, NLP","Network Security, PyTorch","Scikit-learn, TensorFlow",DevOps,Mumbai,6.8,2 Months,Mechanical Engineering
A P Technosis Ltd,"Scikit-learn, NoSQL","Incident Response, Linux","Scikit-learn, Mobile Forensics",DevOps,Noida,8.3,3 Months,B.E. Cloud Computing
Aalayance Ecom Services Pvt Ltd,"Scikit-learn, Computer Vision","Network Security, Linux",Pandas,Database Administration,Bangalore,6.1,12 Months,Mechanical Engineering
Aarav AI Innovations,"Scikit-learn, AWS","Python, Java","Cybersecurity, Deep Learning",Software Engineering,Remote,7.4,3 Months,B.Tech Computer Science
Aarav AI Technologies,"Machine Learning, Python","Network Security, Pandas","GCP, PowerBI",DevOps,Remote,6.2,9 Months,Mechanical Engineering
Aarav Cloud Solutions,"JavaScript, Digital Forensics","Linux, Librosa","Data Analysis, Deep Learning",Cloud Computing,Remote,9.3,2 Months,B.E. Cloud Computing
Aarav Data Solutions,"PyTorch, Ethical Hacking","NoSQL, C++","Librosa, Computer Vision",Software Engineering,Kolkata,9.1,4 Months,B.Tech Computer Science
Aarav Hub Group,"Docker, C++","Kubernetes, PyTorch","Mobile Forensics, TensorFlow",Database Administration,Remote,7.1,12 Months,B.Tech CS / IT
Aarav Info Enterprises,"Librosa, Java","NoSQL, OpenCV","Machine Learning, Cybersecurity",Mobile App Development,Coimbatore,8,3 Months,BCA / MCA
Aarav Info Ventures,"PowerBI, Node.js","Java, Python","Node.js, Java",Cloud Computing,Jaipur,8.1,3 Months,B.Tech CS / IT
Aarav Net Limited,"JavaScript, DevOps","Deep Learning, Machine Learning","Pandas, C++",DevOps,Remote,8.2,2 Months,B.E. Cloud Computing
Aarav Services Ventures,"Ethical Hacking, Digital Forensics","TensorFlow, Computer Vision","NoSQL, PowerBI",Web Development,Gurgaon,8.2,3 Months,BCA / MCA
Aarav Soft Group,"NoSQL, JavaScript","Docker, Linux","Incident Response, JavaScript",DevOps,Kolkata,6,2 Months,B.Tech CS / IT
Aarav Soft Systems,"Pandas, AWS","Java, Node.js","Docker, Librosa",Data Science & AI,Coimbatore,6,2 Months,B.Sc / M.Sc Data Science
Aarav Works Networks,"DevOps, Docker","GCP, SQL","Kubernetes, Scikit-learn",Web Development,Remote,7.7,9 Months,BCA / MCA
ABO Software Private Limited,"Scikit-learn, Cybersecurity","Java, React","Docker, Ethical Hacking",Software Engineering,New Delhi,6,3 Months,M.Sc Cyber Forensics
Accel Software Solutions Limited,"SQL, JavaScript","Pandas, AWS","PowerBI, Incident Response",Cybersecurity & Forensics,Chennai,8.9,3 Months,B.E. Cloud Computing
Accenture,"Azure, JavaScript","NoSQL, Linux",Ethical Hacking,Cloud Computing,San Francisco,6.8,2 Months,B.E. Cloud Computing
Accenture Services Pvt. Ltd.,"AWS, React","PowerBI, TensorFlow","GCP, OpenCV",Database Administration,Mumbai,6.5,2 Months,Mechanical Engineering
Access Networks India Pvt Ltd,"Docker, NoSQL","Node.js, React","Bash, Cybersecurity",Database Administration,Trichy,7,6 Months,Mechanical Engineering
Ace Software Exports Ltd,"SQL, Pandas","Incident Response, JavaScript","React, C++",Data Science & AI,Rajkot,6.4,3 Months,B.E. Information Technology
Aces Global Systems Pvt. Ltd,Web Development,"NLP, Node.js","Linux, Azure",Cybersecurity & Forensics,Mumbai,7.7,6 Months,B.E. Cloud Computing
ACES Infotech Pvt Limited,Web Development,"Docker, Kubernetes","Python, Incident Response",Data Science & AI,Kolkata,8.2,12 Months,B.E. Cloud Computing
Acsys Software (India) Pvt Ltd,"Scikit-learn, Cybersecurity","DevOps, Azure","Kubernetes, Ethical Hacking",DevOps,Chennai,7.4,4 Months,BCA / MCA
Acumen Software Technologies Ltnd,"Java, Librosa","PowerBI, OpenCV","PyTorch, Azure",Software Engineering,Hyderabad,8.9,4 Months,M.Sc Cyber Forensics
Adam Comsof Ltd,"SQL, Incident Response","Scikit-learn, AWS","TensorFlow, Pandas",Software Engineering,Mumbai,7.1,3 Months,B.E. Information Technology
ADCC Research & Computing Centre Ltd,"Docker, Ethical Hacking","AWS, Ethical Hacking","Bash, Computer Vision",Software Engineering,Nagpur,7.6,4 Months,B.E. Cloud Computing
Adhyayan App Enterprises,"GCP, JavaScript","Incident Response, Pandas","Machine Learning, Data Analysis",Web Development,Remote,8.2,2 Months,BCA / MCA
Adhyayan Cloud Solutions,"GCP, Python","Linux, Ethical Hacking","PyTorch, SQL",Cloud Computing,Bhubaneswar,7.7,6 Months,Mechanical Engineering
Adhyayan Consulting Solutions,"Data Analysis, Mobile Forensics","Kubernetes, Bash","OpenCV, Scikit-learn",Mobile App Development,Remote,7.6,6 Months,B.Tech Computer Science
Adhyayan Consulting Ventures,"Machine Learning, Computer Vision","OpenCV, Computer Vision","PyTorch, NLP",Cybersecurity & Forensics,Pune,6.7,3 Months,B.Tech Cybersecurity
Adhyayan Cyber Pvt Ltd,"OpenCV, Pandas","Computer Vision, AWS","NLP, Kubernetes",Database Administration,Remote,9.3,2 Months,Mechanical Engineering
Adhyayan Info Systems,"Machine Learning, Ethical Hacking","GCP, Node.js","Deep Learning, Librosa",Cybersecurity & Forensics,Coimbatore,7.6,3 Months,M.Sc Cyber Forensics
Adhyayan Net Networks,"Azure, Mobile Forensics","Python, Data Analysis","PowerBI, Cybersecurity",Cloud Computing,Chandigarh,6,6 Months,Mechanical Engineering
Adhyayan Sec Networks,"Scikit-learn, Pandas","Deep Learning, GCP","C++, React",Cybersecurity & Forensics,Ahmedabad,8.8,3 Months,M.Sc Cyber Forensics
Adhyayan Solutions Group,"Data Analysis, Deep Learning","Cybersecurity, Data Analysis","OpenCV, Node.js",Mobile App Development,Remote,7.2,12 Months,BCA / MCA
Adhyayan Sys Labs,"Ethical Hacking, Mobile Forensics","Java, Python","Azure, NoSQL",Cybersecurity & Forensics,Gurgaon,7.9,2 Months,B.Sc Information Security
Adhyayan Works Pvt Ltd,"Kubernetes, C++","Linux, JavaScript","AWS, OpenCV",Software Engineering,Indore,7.8,9 Months,B.E. Information Technology
Aditi Technologies Pvt Ltd,"Java, Digital Forensics","Machine Learning, Java","C++, SQL",Data Science & AI,Bangalore,7,6 Months,Mechanical Engineering
Adobe,"AWS, JavaScript","DevOps, Kubernetes",TensorFlow,Cloud Computing,Noida,6.2,4 Months,B.Tech CS / IT
Adobe Systems India Pvt Ltd,"Scikit-learn, Cybersecurity","Deep Learning, NLP","Linux, Machine Learning",Software Engineering,Noida,6.9,6 Months,B.E. Information Technology
Adroit Computer Technique Pvt Ltd,"React, SQL","Azure, Network Security","Docker, GCP",Cybersecurity & Forensics,New Delhi,8.8,3 Months,B.Tech CS / IT
Advanced Micronic Devices,"SQL, Python","Data Analysis, Node.js","SQL, Ethical Hacking",Database Administration,India,8.6,6 Months,BCA / MCA
Advent Software Limited,"SQL, Mobile Forensics","SQL, Docker",OpenCV,Web Development,Pune,7.6,12 Months,B.Tech Computer Science
AdventNet Development,"PyTorch, TensorFlow","Java, Librosa","Pandas, AWS",Software Engineering,Pune,6.4,12 Months,B.Tech Computer Science
Affinity Software,"Machine Learning, Network Security","AWS, PyTorch","AWS, Scikit-learn",Data Science & AI,Bangalore,7.2,6 Months,B.Tech Computer Science
Aftek Infosys Ltd,"Data Analysis, TensorFlow","Scikit-learn, Java",GCP,Data Science & AI,Mumbai,9.1,6 Months,B.Sc Information Security
Agarwal Management Consultants Pvt. Ltd.,"DevOps, Data Analysis","Machine Learning, NLP","DevOps, Ethical Hacking",Cloud Computing,Ahmedabad,6.9,6 Months,B.Tech Cybersecurity
Agere Systems India Pvt Ltd,"JavaScript, Docker","Ethical Hacking, TensorFlow","Docker, GCP",Software Engineering,Bangalore,6.6,9 Months,B.Tech CS / IT
Agni AI Limited,"React, Linux","Python, GCP","Cybersecurity, GCP",Data Science & AI,Mumbai,7.3,2 Months,B.Sc / M.Sc Data Science
Agni AI Networks,"JavaScript, Docker","C++, Pandas","Cybersecurity, PyTorch",Database Administration,Remote,6.8,6 Months,B.E. Cloud Computing
Agni Info Labs,"Kubernetes, JavaScript","Java, Node.js","Deep Learning, Docker",Cloud Computing,Remote,7.1,6 Months,B.Tech CS / IT
Agni Labs Solutions,"OpenCV, Pandas","Docker, Ethical Hacking","PyTorch, Digital Forensics",Software Engineering,Mumbai,6.9,3 Months,B.Tech Computer Science
Agni Services Technologies,"GCP, PyTorch","Kubernetes, Python","Incident Response, C++",Database Administration,Delhi,7.5,9 Months,B.E. Cloud Computing
Agni Soft Labs,"Librosa, Ethical Hacking","Kubernetes, Node.js","Docker, Ethical Hacking",Cloud Computing,Remote,7.7,2 Months,B.Tech CS / IT
Agni Solutions Group,"Mobile Forensics, JavaScript","Pandas, Linux","Data Analysis, Pandas",Cloud Computing,Chennai,6.7,9 Months,B.Tech CS / IT
AI Analytics,"TensorFlow, Mobile Forensics","Digital Forensics, JavaScript",Kubernetes,Cloud Computing,Singapore,8.9,3 Months,B.Tech CS / IT
AI App Analytics,"Machine Learning, AWS","Digital Forensics, Machine Learning","AWS, SQL",Database Administration,Indore,6.3,12 Months,B.E. Cloud Computing
AI Consulting,"React, Mobile Forensics","SQL, Cybersecurity","AWS, GCP",DevOps,Pune,6.4,12 Months,Mechanical Engineering
AI Corp,"AWS, Network Security","Incident Response, Bash","DevOps, Python",Software Engineering,Seattle,7.9,2 Months,B.Tech Computer Science
AI Data,"DevOps, AWS","Node.js, Network Security","GCP, Java",Software Engineering,Noida,7,9 Months,B.Tech Computer Science
AI Dynamics,"Java, Node.js","Network Security, AWS","NoSQL, Java",Web Development,Pune,8.2,2 Months,B.Tech Computer Science
AI Hub Ventures,"Digital Forensics, Pandas","SQL, Cybersecurity","NoSQL, Data Analysis",Database Administration,Hyderabad,6.6,12 Months,B.Tech CS / IT
AI Inc,"PowerBI, Computer Vision","PyTorch, Azure","Node.js, Data Analysis",Software Engineering,Pune,7.1,9 Months,B.E. Information Technology
AI Info Technologies,"Scikit-learn, Bash","Docker, Bash","Deep Learning, NoSQL",DevOps,Remote,7.3,2 Months,Mechanical Engineering
AI Labs,"TensorFlow, Cybersecurity","Incident Response, Digital Forensics",GCP,Software Engineering,Remote,9.2,12 Months,BCA / MCA
AI Labs Group,"Librosa, NLP","Pandas, Computer Vision","PowerBI, TensorFlow",Cybersecurity & Forensics,Delhi,9.4,6 Months,BCA / MCA
AI Networks,"Deep Learning, OpenCV","Incident Response, JavaScript","Node.js, React",Cloud Computing,Gurgaon,6.4,9 Months,B.E. Cloud Computing
AI Software,"Python, Deep Learning","Computer Vision, JavaScript","NLP, SQL",Cybersecurity & Forensics,Kolkata,7.2,4 Months,B.Sc Information Security
AI Solutions,"Docker, Computer Vision","Python, Machine Learning","GCP, JavaScript",DevOps,Seattle,8.7,6 Months,B.Tech CS / IT
AI Works Limited,"Machine Learning, Python","Librosa, NoSQL","Azure, Computer Vision",Mobile App Development,Ahmedabad,7,6 Months,B.Tech Computer Science
Aithent Technologies Pvt Ltd.,"PowerBI, Linux","Linux, Bash","OpenCV, Bash",Cloud Computing,Gurgaon,6.7,4 Months,B.E. Information Technology
Ajuba Solutions (India) Pvt. Ltd.,"Ethical Hacking, TensorFlow","PyTorch, Azure","AWS, Scikit-learn",Data Science & AI,Chennai,7.8,3 Months,B.E. Cloud Computing
Akash App Limited,"Digital Forensics, Librosa","Linux, Cybersecurity","Azure, SQL",Cybersecurity & Forensics,Chennai,9.4,4 Months,M.Sc Cyber Forensics
Akash Cloud Solutions,"Azure, JavaScript","Digital Forensics, NoSQL","SQL, Computer Vision",Cloud Computing,Chandigarh,6.8,4 Months,B.E. Cloud Computing
Akash Hub Networks,"Data Analysis, TensorFlow","Linux, Cybersecurity","Librosa, Java",Web Development,Remote,8.2,6 Months,B.Tech Computer Science
Akash Solutions Enterprises,"React, Machine Learning","PowerBI, Cybersecurity","TensorFlow, Incident Response",Data Science & AI,Delhi,8.6,3 Months,B.Sc / M.Sc Data Science
Akash Space Analytics,"SQL, Python","Pandas, NoSQL","Java, Kubernetes",Mobile App Development,Lucknow,6.4,3 Months,BCA / MCA
Akash Sys Systems,"Node.js, Scikit-learn","AWS, JavaScript","PowerBI, Python",Cybersecurity & Forensics,Kolkata,8.8,2 Months,BCA / MCA
Akash Web Labs,"Machine Learning, Python","Kubernetes, Python","Digital Forensics, Java",Mobile App Development,Noida,7.5,4 Months,B.E. Information Technology
Akshay Software Technologies Ltd.,"Librosa, React","AWS, JavaScript","Data Analysis, OpenCV",Mobile App Development,Mumbai,9.4,6 Months,B.Tech CS / IT
Alcatel India Limited.,"OpenCV, JavaScript","Kubernetes, Bash","Kubernetes, DevOps",Web Development,Gurgaon,6.5,6 Months,BCA / MCA
Algorithms Software Pvt. Ltd.,"Deep Learning, DevOps","Node.js, Network Security","Deep Learning, Librosa",Data Science & AI,Mumbai,7.5,3 Months,B.Sc Information Security
All e Technologies,"Python, GCP","Digital Forensics, PyTorch","Pandas, Docker",Software Engineering,Noida,6.3,2 Months,B.E. Information Technology
Allsoft Technologies Ltd,"Scikit-learn, Network Security","Docker, DevOps","Bash, GCP",Cybersecurity & Forensics,Secunderabad,8.8,6 Months,B.E. Cloud Computing
Alpha Analytics,"Java, NLP","Docker, Mobile Forensics","DevOps, C++",Data Science & AI,Chennai,9,12 Months,B.Tech CS / M.Tech
Alpha Consulting,"Librosa, React","Node.js, NLP","Network Security, Node.js",Database Administration,Remote,8.9,9 Months,B.E. Cloud Computing
Alpha Corp,"Docker, Deep Learning","C++, Cybersecurity","Bash, NLP",Data Science & AI,San Francisco,8.8,9 Months,B.Sc Statistics / Math
Alpha Dynamics,"Data Analysis, OpenCV","Java, Machine Learning","SQL, Ethical Hacking",Web Development,Pune,6.3,3 Months,B.Tech Computer Science
Alpha Innovations,"Node.js, DevOps","Librosa, C++",Data Analysis,Database Administration,Bangalore,9.1,6 Months,Mechanical Engineering
Alpha Labs,"C++, Computer Vision","Ethical Hacking, Bash",SQL,Database Administration,Gurgaon,6.8,4 Months,Mechanical Engineering
Alpha Networks,"NoSQL, Computer Vision","JavaScript, Azure","Data Analysis, PowerBI",Data Science & AI,Mumbai,8.6,6 Months,B.Tech CS / M.Tech
Alpha Security,"Mobile Forensics, Docker","Librosa, PyTorch","JavaScript, Ethical Hacking",Data Science & AI,Bangalore,9.4,2 Months,B.Sc Statistics / Math
Alpha Software,"DevOps, Computer Vision","Librosa, Data Analysis","Pandas, Machine Learning",Cybersecurity & Forensics,Seattle,6.7,3 Months,B.Tech Cybersecurity
Alpha Solutions,"Ethical Hacking, NLP","C++, SQL","PowerBI, PyTorch",Data Science & AI,Noida,7.5,12 Months,B.Sc / M.Sc Data Science
Alpha Systems,"Azure, Digital Forensics","Computer Vision, Librosa","GCP, OpenCV",Software Engineering,London,8.7,4 Months,B.Tech Computer Science
Alpha Tech,"Digital Forensics, PowerBI","Machine Learning, Docker","GCP, NLP",Cloud Computing,Chennai,7.6,3 Months,B.E. Cloud Computing
Alpha Technologies,"DevOps, AWS","PowerBI, PyTorch",Computer Vision,Cloud Computing,Hyderabad,7.3,3 Months,B.E. Cloud Computing
ALSTOM Systems Limited,"Ethical Hacking, Docker","Python, Machine Learning","Computer Vision, Java",Cybersecurity & Forensics,Noida,8.7,2 Months,BCA / MCA
Amazon,"Mobile Forensics, Linux","Kubernetes, React",Deep Learning,DevOps,Gurgaon,8.4,4 Months,B.E. Cloud Computing
Amazon Development Centre India,"Data Analysis, TensorFlow","Pandas, Scikit-learn","Python, GCP",Cybersecurity & Forensics,Kochi,6.5,3 Months,B.Tech CS / M.Tech
AMD,"Incident Response, Node.js","Cybersecurity, NoSQL",OpenCV,Web Development,Remote,6.6,6 Months,B.E. Information Technology
American Express (India) Pvt. Ltd.,"AWS, C++","Deep Learning, NLP","OpenCV, Scikit-learn",Cloud Computing,New Delhi,8.5,12 Months,Mechanical Engineering
American Megatrends (India) Pvt. Ltd,"C++, TensorFlow","Deep Learning, SQL","Network Security, Mobile Forensics",Cloud Computing,Chennai,6.2,2 Months,B.Tech CS / IT
AmitySoft Technologies Pvt Ltd,"Mobile Forensics, Docker","Kubernetes, Mobile Forensics","DevOps, Librosa",DevOps,Chennai,7,12 Months,B.E. Information Technology
Amoeba Telecom Ltd,"PyTorch, Pandas","Ethical Hacking, SQL","NoSQL, Computer Vision",Database Administration,Coimbatore,6.8,9 Months,BCA / MCA
Ampersand Software Applications Ltd.,Web Development,"Computer Vision, Cybersecurity","Docker, C++",Cloud Computing,Bangalore,6.7,4 Months,B.Tech CS / IT
Amsoft Information Services (I) Pvt. Ltd.,"Ethical Hacking, NLP","Java, Librosa",JavaScript,Cloud Computing,Bangalore,8.9,3 Months,B.Tech Cybersecurity
Amsoft Systems Pvt Ltd,"Linux, PyTorch","Linux, Cybersecurity","Azure, Mobile Forensics",Database Administration,Bangalore,6.4,12 Months,B.Tech Computer Science
AMSYS Infotech Pvt Ltd,"SQL, Pandas","Deep Learning, SQL","TensorFlow, Cybersecurity",Software Engineering,Noida,7.2,4 Months,Mechanical Engineering
Anjaleem Enterprises Pvt.,"Mobile Forensics, DevOps","PowerBI, OpenCV","Computer Vision, Docker",Cybersecurity & Forensics,Noida,9.1,4 Months,B.E. Information Technology
Annet Communications Pvt Ltd,"Azure, Cybersecurity","Java, Machine Learning","TensorFlow, Cybersecurity",Web Development,Mumbai,8.5,2 Months,B.Tech Computer Science
An-Net Infotech Limited,"Ethical Hacking, NLP","Java, Node.js","Incident Response, C++",Software Engineering,New Delhi,8.4,2 Months,B.E. Cloud Computing
Annik Systems Pvt Ltd,"PowerBI, SQL","C++, Docker","Bash, Mobile Forensics",Software Engineering,New Delhi,8,3 Months,BCA / MCA
Ansal Housing & Construction Ltd,"Scikit-learn, Pandas","Java, Scikit-learn","Digital Forensics, Java",Cybersecurity & Forensics,New Delhi,6.7,4 Months,BCA / MCA
Antares Systems Pvt Ltd,"Scikit-learn, Cybersecurity","PowerBI, Kubernetes",PowerBI,Software Engineering,Bangalore,6.8,3 Months,BCA / MCA
ANZ Information Technology Pvt. Ltd.,"C++, Azure","PyTorch, Computer Vision",Kubernetes,Cybersecurity & Forensics,Bangalore,6.4,12 Months,B.Sc / M.Sc Data Science
Apar Technologies Ltd,"PowerBI, Ethical Hacking","Python, NoSQL","Kubernetes, Digital Forensics",Cloud Computing,Mumbai,8.2,9 Months,Mechanical Engineering
Apex Analytics,"GCP, Ethical Hacking","Digital Forensics, Librosa","TensorFlow, Python",Cloud Computing,Remote,8.9,4 Months,B.E. Cloud Computing
Apex Computer & Engineering Services,"Node.js, TensorFlow","Node.js, Python","NoSQL, PowerBI",Web Development,Goa,8.4,2 Months,B.Tech Cybersecurity
Apex Consulting,"Kubernetes, Docker","Data Analysis, Network Security","Python, React",Mobile App Development,London,7.3,6 Months,B.Tech Computer Science
Apex Defense,"Linux, Computer Vision","Java, Python","Machine Learning, NoSQL",Mobile App Development,Remote,8.5,3 Months,B.E. Information Technology
Apex Group,"PowerBI, Linux","Java, Incident Response","Node.js, OpenCV",Cloud Computing,Seattle,6.3,2 Months,B.E. Cloud Computing
Apex Inc,"Scikit-learn, C++","Data Analysis, Cybersecurity","Pandas, Node.js",DevOps,Seattle,8.7,4 Months,B.Tech CS / IT
Apex Innovations,"Computer Vision, DevOps","NLP, NoSQL",Linux,Software Engineering,Gurgaon,8.9,4 Months,B.Tech Computer Science
Apex Labs,"GCP, Python","Linux, Digital Forensics",Python,Data Science & AI,Kolkata,6.1,4 Months,B.Sc Statistics / Math
Apex Networks,"AWS, SQL","Scikit-learn, SQL","Machine Learning, Linux",Data Science & AI,Hyderabad,7.4,2 Months,B.Tech CS / M.Tech
Apex Security,"Java, TensorFlow","Deep Learning, Node.js","SQL, NoSQL",Data Science & AI,Hyderabad,8.4,6 Months,B.Tech CS / M.Tech
Apex Software,"Deep Learning, React","Mobile Forensics, PyTorch","Pandas, Scikit-learn",Cloud Computing,Remote,8.4,3 Months,Mechanical Engineering
Apex Tech,"Linux, PyTorch","DevOps, Mobile Forensics","Node.js, React",Data Science & AI,Remote,6.8,3 Months,B.Sc Statistics / Math
Apex Technologies Pvt. Ltd.,"Ethical Hacking, Network Security","Docker, Cybersecurity",GCP,Mobile App Development,Bangalore,6.1,6 Months,B.Tech Computer Science
Apple,"NLP, SQL","OpenCV, PyTorch",Java,Database Administration,San Francisco,6.7,12 Months,B.Tech CS / IT
Applied Software Pvt. Ltd.,"Network Security, Cybersecurity","Java, Pandas","GCP, JavaScript",Database Administration,Ahmedabad,9.1,6 Months,B.Tech CS / IT
Apt Software Avenues Pvt. Ltd.,"NoSQL, NLP","PowerBI, TensorFlow","JavaScript, Java",Cloud Computing,Kolkata,8.9,2 Months,BCA / MCA
Aptech Limited.,"GCP, React","GCP, SQL","Java, Azure",Cybersecurity & Forensics,Mumbai,8.6,12 Months,Mechanical Engineering
Aravali App Ventures,"PowerBI, Deep Learning","SQL, JavaScript","Computer Vision, Java",Database Administration,Remote,7.4,9 Months,B.E. Cloud Computing
Aravali Cloud Labs,"Deep Learning, NLP","AWS, Digital Forensics","NLP, Docker",Cloud Computing,Bangalore,6.2,9 Months,B.Tech CS / IT
Aravali Com Pvt Ltd,"SQL, Ethical Hacking","Digital Forensics, Bash","NLP, Ethical Hacking",Cybersecurity & Forensics,Lucknow,8.9,12 Months,B.Tech Cybersecurity
Aravali Labs Technologies,"Cybersecurity, DevOps","Java, Digital Forensics","Python, Network Security",Database Administration,Remote,8.1,4 Months,Mechanical Engineering
Aravali Link Group,"Machine Learning, AWS","Linux, Machine Learning","AWS, Librosa",Cloud Computing,Jaipur,6.5,2 Months,B.E. Cloud Computing
Aravali Link Labs,"Docker, Linux","C++, React","Machine Learning, Digital Forensics",DevOps,Remote,8.2,6 Months,B.Tech CS / IT
Aravali Sys Limited,"Incident Response, NoSQL","GCP, React","Librosa, PyTorch",Cybersecurity & Forensics,Mumbai,6.7,3 Months,B.Sc Information Security
Aravali Tech Ventures,"Digital Forensics, GCP","Linux, Incident Response","Ethical Hacking, Python",Database Administration,Remote,7.9,9 Months,Mechanical Engineering
Aravali Web Networks,"Cybersecurity, Digital Forensics","Java, Machine Learning","Pandas, Scikit-learn",Web Development,Lucknow,8.5,12 Months,B.Tech Computer Science
ARB Software India (P) Ltd.,"Ethical Hacking, Docker","NLP, Kubernetes","Machine Learning, Data Analysis",Mobile App Development,Kolkata,7.3,2 Months,B.Tech CS / IT
Aress Software & Education Technologies (P) Ltd.,"SQL, Ethical Hacking","Kubernetes, Ethical Hacking","NoSQL, PowerBI",Data Science & AI,Nasik,6.7,6 Months,M.Sc Cyber Forensics
Arthur Andersen India Private Limited,"Data Analysis, Bash","Bash, Ethical Hacking","Docker, GCP",Data Science & AI,New Delhi,9.4,3 Months,B.Tech Computer Science
Arthur D. Little India Consultancy,"Computer Vision, SQL","JavaScript, Java","OpenCV, Bash",Cloud Computing,Mumbai,7,12 Months,B.Tech CS / M.Tech
Arya Communications & Electronics Services Ltd.,"Node.js, Cybersecurity","GCP, Deep Learning","NoSQL, PowerBI",Cybersecurity & Forensics,Mumbai,7.6,3 Months,B.Tech CS / IT
Aryabhatta Solutions Ltd.,"PowerBI, Ethical Hacking","Linux, Digital Forensics","Incident Response, Scikit-learn",Cybersecurity & Forensics,Mumbai,6,2 Months,B.Tech CS / IT
Ashtech Infotech Pvt. Ltd.,"GCP, AWS","SQL, Azure","JavaScript, Node.js",Software Engineering,Mumbai,6.5,9 Months,B.Tech CS / IT
ASL Technologies Ltd.,"SQL, Incident Response","OpenCV, Computer Vision","Kubernetes, Ethical Hacking",DevOps,New Delhi,8.9,6 Months,B.Tech Computer Science
ASM Technologies Limited,"Bash, Pandas","Machine Learning, NLP","NoSQL, SQL",Software Engineering,Bangalore,6.4,2 Months,Mechanical Engineering
Astral Tele*Foundation Pvt. Ltd.,"Deep Learning, DevOps","C++, Machine Learning","Kubernetes, Python",Cybersecurity & Forensics,Bangalore,6.5,4 Months,B.E. Information Technology
Atari Informatics Ltd.,"TensorFlow, Cybersecurity","C++, Digital Forensics","Docker, Kubernetes",Web Development,New Delhi,8,6 Months,B.Tech Computer Science
Atika Computer Education Services,"Scikit-learn, AWS","Machine Learning, Bash","Node.js, React",Web Development,Goa,7.4,4 Months,B.E. Information Technology
Atos Origin India Private Limited,"SQL, Computer Vision","Incident Response, Deep Learning","Network Security, Linux",Cloud Computing,Mumbai,6.4,6 Months,B.E. Cloud Computing
Autodesk India Pvt. Ltd.,"React, Azure","Data Analysis, Librosa","NoSQL, Java",Data Science & AI,Bangalore,6.4,12 Months,Mechanical Engineering
Avantel Softech Ltd.,"NLP, Bash","JavaScript, Azure","Bash, Deep Learning",Cloud Computing,Hyderabad,8.8,6 Months,M.Sc Cyber Forensics
Aver Software Technologies Ltd.,"Kubernetes, PyTorch","SQL, Linux","Cybersecurity, Data Analysis",Database Administration,Mumbai,7.9,9 Months,B.Tech CS / IT
Aviation Software Development Consultancy India Ltd.,"Linux, Cybersecurity","Pandas, SQL","React, C++",Database Administration,Chennai,8.3,3 Months,B.E. Information Technology
AVL India Software Pvt Ltd,"TensorFlow, Data Analysis","Python, Scikit-learn","TensorFlow, Bash",Cybersecurity & Forensics,Gurgaon,6.1,6 Months,B.Tech CS / IT
AXA Business Services Pvt Ltd,Web Development,"Computer Vision, Bash","Scikit-learn, C++",Software Engineering,Bangalore,8.8,3 Months,B.Sc Statistics / Math
Axes Technologies (I) Pvt Ltd,"SQL, Incident Response","Node.js, NoSQL","Kubernetes, Computer Vision",Software Engineering,Bangalore,9.1,4 Months,B.E. Information Technology
Axiom Solutions Pvt Ltd,Web Development,"SQL, Pandas",Cybersecurity,DevOps,Mumbai,6.9,3 Months,B.Sc / M.Sc Data Science
AXS Online (P) Ltd,"Deep Learning, Linux","React, AWS","SQL, NLP",Mobile App Development,Bangalore,7.1,6 Months,B.Tech Computer Science
Aztec Software & Technologies(P) Ltd.,"TensorFlow, GCP","Deep Learning, AWS","Machine Learning, Docker",Data Science & AI,Bangalore,7.9,9 Months,B.Tech CS / IT
Aztek Systems Pvt Ltd,"DevOps, AWS","PyTorch, PowerBI","Librosa, Computer Vision",Mobile App Development,Bangalore,9.1,3 Months,B.Sc Information Security
BAeHAL Software Limited,"Machine Learning, Computer Vision","React, Deep Learning",Azure,Cloud Computing,Bangalore,6.8,6 Months,B.Sc Information Security
Bamboo Software Solutions Pvt. Ltd,"Incident Response, Ethical Hacking","Java, Machine Learning","Bash, Kubernetes",Web Development,Hyderabad,7.6,9 Months,Mechanical Engineering
Bangalore Softsell Ltd,"JavaScript, NoSQL","Computer Vision, Bash",Kubernetes,Cybersecurity & Forensics,Bangalore,9.1,3 Months,B.E. Information Technology
Bangalore Software Services Ltd,"Scikit-learn, Cybersecurity","GCP, Digital Forensics","DevOps, Linux",Cloud Computing,Bangalore,7.9,4 Months,B.E. Information Technology
Barry-Wehmiller International Resources Pvt Ltd,"JavaScript, TensorFlow","OpenCV, Deep Learning","DevOps, Incident Response",Cloud Computing,Chennai,9.2,4 Months,B.Tech CS / IT
Bells Softech Limited,"C++, JavaScript","DevOps, NLP","Ethical Hacking, Mobile Forensics",Mobile App Development,Bangalore,8.1,4 Months,Mechanical Engineering
Beni Softwares Pvt Ltd,"GCP, SQL","Docker, Cybersecurity","Node.js, OpenCV",Data Science & AI,Jalandhar,9.4,4 Months,M.Sc Cyber Forensics
Bentley Systems India Pvt Ltd,"Python, Incident Response","Linux, Machine Learning","Mobile Forensics, TensorFlow",DevOps,New Delhi,8.3,9 Months,Mechanical Engineering
Bersoft Infotech Pvt Ltd,"Digital Forensics, Python","JavaScript, Cybersecurity",Scikit-learn,Mobile App Development,Haryana,8.5,3 Months,B.E. Cloud Computing
Beta Analytics,"Digital Forensics, PowerBI","NLP, DevOps","TensorFlow, Machine Learning",Database Administration,London,8.6,3 Months,B.Tech CS / IT
Beta Consulting,"PyTorch, GCP","Pandas, Incident Response","Linux, DevOps",Cloud Computing,Pune,8.8,2 Months,Mechanical Engineering
Beta Corp,"JavaScript, Incident Response","Node.js, OpenCV","Ethical Hacking, Linux",DevOps,Seattle,8.3,2 Months,B.Tech CS / IT
Beta Data,"Python, Linux","OpenCV, Mobile Forensics","Data Analysis, C++",Software Engineering,Seattle,7.2,2 Months,B.Tech Computer Science
Beta Dynamics,"Deep Learning, GCP","JavaScript, Azure","Network Security, Linux",Cybersecurity & Forensics,Noida,9.3,9 Months,M.Sc Cyber Forensics
Beta Inc,"AWS, DevOps","Python, Network Security","DevOps, Kubernetes",Data Science & AI,Kolkata,7,12 Months,B.Tech CS / M.Tech
Beta Innovations,"TensorFlow, PowerBI","Mobile Forensics, Node.js",Azure,Cloud Computing,Bangalore,7.3,6 Months,B.Tech CS / IT
Beta Labs,"Librosa, SQL","JavaScript, Machine Learning","Kubernetes, AWS",Software Engineering,San Francisco,6.1,4 Months,B.E. Information Technology
Beta Networks,"Java, Ethical Hacking","OpenCV, Ethical Hacking","Scikit-learn, Node.js",Data Science & AI,Singapore,7.1,12 Months,B.Sc / M.Sc Data Science
Beta Security,"Machine Learning, Azure","PowerBI, Scikit-learn","Cybersecurity, Azure",Web Development,Chennai,7.5,3 Months,BCA / MCA
Beta Software,"Kubernetes, Network Security","Azure, Node.js",Digital Forensics,Data Science & AI,San Francisco,6.4,4 Months,B.Sc Statistics / Math
Beta Solutions,"Machine Learning, TensorFlow","JavaScript, Ethical Hacking","Docker, C++",Mobile App Development,Mumbai,7.8,9 Months,BCA / MCA
Beta Systems,"PowerBI, PyTorch","Machine Learning, Linux","GCP, Python",Mobile App Development,Remote,6.5,4 Months,B.E. Information Technology
Beta Technologies,"C++, SQL","Scikit-learn, GCP","SQL, Scikit-learn",Data Science & AI,San Francisco,7.7,4 Months,B.Sc Statistics / Math
Bharat Cloud Technologies,"Cybersecurity, Librosa","Ethical Hacking, Network Security","Java, OpenCV",Cloud Computing,Kolkata,6.9,6 Months,Mechanical Engineering
Bharat Sec Limited,"Machine Learning, Cybersecurity","AWS, PyTorch","Kubernetes, PowerBI",Web Development,Remote,6.4,6 Months,B.Tech Computer Science
Bharat Services Analytics,"Kubernetes, Linux","Scikit-learn, NLP","AWS, Ethical Hacking",Cybersecurity & Forensics,Delhi,8.3,6 Months,B.Tech Cybersecurity
Bharat Soft Pvt Ltd,"Bash, Docker","Ethical Hacking, Librosa","AWS, Cybersecurity",Web Development,Mumbai,8.8,12 Months,B.Tech Computer Science
Bharat Sys Analytics,"JavaScript, Bash","Digital Forensics, Linux","TensorFlow, Pandas",Cloud Computing,Gurgaon,7,2 Months,Mechanical Engineering
Bharat Web Technologies,"Node.js, PowerBI","Machine Learning, TensorFlow","OpenCV, DevOps",Cybersecurity & Forensics,Hyderabad,8,6 Months,B.Tech Cybersecurity
Bhari Information Technology Systems Pvt. Ltd.,"GCP, Computer Vision","C++, JavaScript","DevOps, Deep Learning",Mobile App Development,Chennai,8.8,6 Months,B.E. Information Technology
Bharti Infotrac Ltd.,"Linux, Docker","AWS, Machine Learning","GCP, NLP",Cybersecurity & Forensics,New Delhi,7,4 Months,BCA / MCA
Bharti Telesoft Ltd.,"DevOps, Data Analysis","Python, GCP",DevOps,Data Science & AI,New Delhi,7.4,2 Months,B.Tech Computer Science
Bhilwara Infotech Limited,"NLP, Scikit-learn","Docker, NLP","C++, AWS",Web Development,Noida,7.6,12 Months,B.Sc Statistics / Math
Binary Semantics Limited,"Librosa, Azure","Data Analysis, NoSQL",Cybersecurity,Data Science & AI,Gurgaon,9.1,12 Months,B.E. Information Technology
Bindview India Private Limited,"Librosa, Node.js","Digital Forensics, C++","NoSQL, PowerBI",Data Science & AI,Pune,7.3,2 Months,M.Sc Cyber Forensics
Birla Technologies Ltd,"Docker, Ethical Hacking","PowerBI, TensorFlow","Ethical Hacking, Linux",DevOps,Mumbai,7.3,2 Months,B.Tech CS / M.Tech
Birlasoft Limited,"GCP, AWS","SQL, Cybersecurity","NLP, PyTorch",Data Science & AI,Pune,7.4,2 Months,B.Sc / M.Sc Data Science
Blue Chip Computer Consultants Pvt. Ltd.,"GCP, SQL","Librosa, PowerBI","DevOps, Ethical Hacking",Cybersecurity & Forensics,Noida,7.4,2 Months,Mechanical Engineering
Blue Star Infotech Ltd,"SQL, Data Analysis","TensorFlow, Ethical Hacking","SQL, React",Software Engineering,Mumbai,7.7,3 Months,M.Sc Cyber Forensics
BMC Software India Pvt. Ltd.,"GCP, Digital Forensics","NLP, NoSQL","Network Security, Linux",Cloud Computing,Pune,9.2,3 Months,BCA / MCA
Boston Education & Software Technologies Pvt. Ltd.,"Computer Vision, Java","Machine Learning, DevOps","Incident Response, C++",DevOps,Mumbai,6.8,9 Months,Mechanical Engineering
Botree Software International Ltd,"Network Security, OpenCV","DevOps, Scikit-learn","PyTorch, Network Security",Cybersecurity & Forensics,Chennai,8.4,12 Months,BCA / MCA
BPB Publications,"Docker, Linux","Node.js, Network Security","Cybersecurity, GCP",Mobile App Development,New Delhi,8,6 Months,B.Tech CS / IT
BPL Innovision Technologies Pvt Ltd,"PowerBI, Linux","Cybersecurity, NoSQL","TensorFlow, Python",Cloud Computing,Bangalore,6.7,3 Months,B.Tech CS / M.Tech
BPL Telecom Ltd.,Web Development,"Pandas, Network Security","C++, React",Software Engineering,Delhi,7.1,3 Months,Mechanical Engineering
Brigade Corporation India Pvt Ltd,"Node.js, Kubernetes","TensorFlow, PowerBI","Scikit-learn, Bash",Mobile App Development,Chennai,8.5,6 Months,B.Tech CS / IT
BrowserStack,"Node.js, Scikit-learn","OpenCV, Node.js","Pandas, SQL",DevOps,Delhi,9.3,4 Months,B.Sc Information Security
BSEL Information Systems Limited,"Ethical Hacking, Librosa","React, Ethical Hacking","Node.js, JavaScript",Web Development,Mumbai,7.2,4 Months,B.Tech CS / IT
BT (Worldwide) Ltd.,"Network Security, TensorFlow","Java, Node.js","PowerBI, GCP",Cybersecurity & Forensics,New Delhi,9.3,3 Months,Mechanical Engineering
BTN Infotech India Pvt Ltd,"Computer Vision, Machine Learning","PowerBI, Digital Forensics","Kubernetes, PyTorch",Cybersecurity & Forensics,New Delhi,7.3,12 Months,B.E. Information Technology
Busy Infotech Pvt. Ltd,"Bash, DevOps","Pandas, NoSQL","Machine Learning, Data Analysis",Mobile App Development,New Delhi,8.7,2 Months,BCA / MCA
CA Computer Associates India Pvt Ltd,"Incident Response, NoSQL","NoSQL, C++","Pandas, AWS",Cloud Computing,Mumbai,6.4,9 Months,B.Sc Statistics / Math
Cadence Design Systems India Pvt. Ltd.,"Kubernetes, Network Security","C++, Deep Learning","Azure, Data Analysis",Web Development,Noida,6,6 Months,B.Tech CS / IT
Caldera International Inc,"Ethical Hacking, Linux","Data Analysis, Node.js",Azure,Web Development,New Delhi,9,4 Months,B.Sc / M.Sc Data Science
California Software Co. Ltd.,"Linux, PowerBI","Docker, Python","Librosa, Mobile Forensics",Database Administration,Chennai,7.8,12 Months,B.Sc Statistics / Math
Cambridge Technology Partners,"NoSQL, NLP","Data Analysis, Cybersecurity","PyTorch, SQL",Cloud Computing,Bangalore,9.5,6 Months,B.Tech CS / IT
Canbank Computer Services Ltd.,"Scikit-learn, Pandas","SQL, Cybersecurity","DevOps, Incident Response",Cybersecurity & Forensics,Bangalore,7.1,3 Months,B.E. Cloud Computing
Canon India Pvt Ltd.,"Scikit-learn, Cybersecurity","OpenCV, NoSQL","PowerBI, Cybersecurity",Cloud Computing,New Delhi,8.7,6 Months,B.E. Information Technology
Cap Gemini Ernst & Young Consulting India Pvt Ltd,"Computer Vision, PowerBI","Computer Vision, TensorFlow",DevOps,Data Science & AI,Mumbai,7.6,12 Months,B.E. Information Technology
Capgemini,"Machine Learning, Deep Learning","React, Docker",Incident Response,Database Administration,Hyderabad,8.4,2 Months,B.Tech CS / IT
Capgemini Technology Services,"TensorFlow, Computer Vision","GCP, Kubernetes","NLP, Java",Mobile App Development,Seattle,6.5,9 Months,M.Sc Cyber Forensics
Care & Cure International Ltd,"Data Analysis, PyTorch","Kubernetes, Mobile Forensics",PowerBI,Data Science & AI,New Delhi,7.3,3 Months,M.Sc Cyber Forensics
Cashtech Solutions India Pvt Ltd,"Scikit-learn, Cybersecurity","Java, Digital Forensics","Kubernetes, Linux",Database Administration,Mumbai,6.5,4 Months,B.Tech CS / M.Tech
"CA-TCG Software, Pvt. Ltd.","Kubernetes, Mobile Forensics","Deep Learning, Machine Learning","Incident Response, PowerBI",Software Engineering,Kolkata,8.7,12 Months,B.Tech CS / IT
CCE Software,"Librosa, Bash","NLP, C++","Python, Digital Forensics",Web Development,Bangalore,7.4,4 Months,Mechanical Engineering
CDS International Ltd,"AWS, Kubernetes","AWS, Incident Response","Bash, Mobile Forensics",DevOps,Bangalore,7.1,2 Months,BCA / MCA
CE Info Systems Pvt. Ltd.,"PowerBI, Pandas","Incident Response, JavaScript",PowerBI,Database Administration,New Delhi,9.5,4 Months,B.Sc / M.Sc Data Science
Celcius Technologies Pvt. Ltd,"Machine Learning, Node.js","Network Security, DevOps","Data Analysis, Cybersecurity",Software Engineering,Kolkata,7.2,2 Months,B.Tech Computer Science
Cellnext Solutions Ltd,"Scikit-learn, Pandas","Ethical Hacking, Librosa","AWS, Azure",Data Science & AI,New Delhi,6.5,3 Months,B.Tech CS / M.Tech
Celstream Technologies Pvt Ltd,"NLP, Data Analysis","PowerBI, Data Analysis","Incident Response, Node.js",DevOps,Bangalore,6.1,4 Months,B.Tech CS / IT
Centre for Development of Advanced Computing (C - DAC),"Network Security, Computer Vision","Deep Learning, GCP","Incident Response, C++",DevOps,Pune,6.6,12 Months,B.Tech Computer Science
Centre for Development of Telematics,"Machine Learning, Computer Vision","Python, Data Analysis",DevOps,Database Administration,New Delhi,9.1,6 Months,Mechanical Engineering
Cerebra Integrated Technologies Ltd,"Librosa, Incident Response","Librosa, Azure","Machine Learning, Pandas",Database Administration,Bangalore,6.5,12 Months,BCA / MCA
CG Maersk Information Technologies Pvt. Ltd.,"Deep Learning, Linux","Node.js, Docker","Java, React",Web Development,Chennai,7.7,2 Months,B.E. Information Technology
CGI Information Systems and Management Consultants Pvt Ltd,Web Development,"Java, Pandas","Bash, AWS",Cloud Computing,Bangalore,6.1,12 Months,Mechanical Engineering
CG-Smith Software Limited,"TensorFlow, Digital Forensics","Cybersecurity, NoSQL","NoSQL, Digital Forensics",Mobile App Development,Bangalore,7.7,4 Months,B.Sc Statistics / Math
CG-VAK Software & Exports Ltd.,"GCP, Ethical Hacking","Java, OpenCV","Docker, Librosa",Web Development,Coimbatore,9,3 Months,B.Sc Statistics / Math
Chakkilam Infotech Ltd,Web Development,"Computer Vision, JavaScript","NLP, Docker",Cloud Computing,Hyderabad,6.8,4 Months,B.Tech CS / IT
Chandigarh Infotech Centre Ltd.,"Mobile Forensics, Ethical Hacking","Librosa, Python","Computer Vision, Node.js",Database Administration,Chandigarh,8.7,2 Months,B.Tech CS / IT
Changepond Technologies Pvt Ltd,"GCP, Computer Vision","Python, Machine Learning",Librosa,Web Development,Chennai,8.4,9 Months,Mechanical Engineering
Chenab Information Technologies Pvt. Ltd.,"Ethical Hacking, Linux","Incident Response, Kubernetes","Pandas, DevOps",Cloud Computing,Mumbai,8.3,12 Months,B.Tech CS / IT
Cherrysoft Technologies Ltd,"React, SQL","Digital Forensics, Kubernetes","Linux, React",Cloud Computing,Chennai,6.4,9 Months,B.Sc Information Security
Churchill India Pvt. Ltd.,"Mobile Forensics, Ethical Hacking","PyTorch, TensorFlow","SQL, Network Security",DevOps,New Delhi,7.3,9 Months,B.Tech CS / IT
Cisco,"Mobile Forensics, JavaScript","JavaScript, Cybersecurity",Bash,Cloud Computing,San Francisco,7.3,3 Months,B.Tech CS / IT
Cisco Systems (India) Pvt. Ltd.,"NLP, Data Analysis","PyTorch, Machine Learning","Ethical Hacking, Mobile Forensics",Database Administration,New Delhi,8.9,4 Months,B.Tech Cybersecurity
Cisco Systems India,"Librosa, Data Analysis","PowerBI, Scikit-learn","Bash, Deep Learning",Mobile App Development,Hyderabad,6.9,12 Months,M.Sc Cyber Forensics
CISTEMS (Software) Ltd.,"AWS, Scikit-learn","Digital Forensics, NLP","Pandas, PyTorch",DevOps,Jaipur,8.3,6 Months,B.Tech CS / IT
Citrix Software Ltd,"Java, Scikit-learn","PyTorch, Incident Response","Network Security, Scikit-learn",Database Administration,Bangalore,7.2,2 Months,B.E. Cloud Computing
CLC Technologies Ltd,"Bash, Docker","Incident Response, Network Security","Java, OpenCV",Software Engineering,New Delhi,8.6,12 Months,B.E. Cloud Computing
Cloud Analytics,"GCP, Computer Vision","Scikit-learn, DevOps","AWS, Network Security",Database Administration,Remote,7.5,6 Months,B.E. Cloud Computing
Cloud Cloud Group,"NoSQL, Data Analysis","Java, React","Scikit-learn, Linux",Data Science & AI,Chennai,7.7,2 Months,B.Sc Statistics / Math
Cloud Data,"Cybersecurity, SQL","Deep Learning, Azure","Azure, Digital Forensics",Web Development,Mumbai,7.8,3 Months,B.E. Information Technology
Cloud Defense,"Java, Azure","Data Analysis, Azure","Network Security, Computer Vision",Software Engineering,Seattle,7.7,4 Months,BCA / MCA
Cloud Dynamics,"AWS, Digital Forensics","Librosa, Digital Forensics","Deep Learning, Ethical Hacking",Cybersecurity & Forensics,Kolkata,9.3,12 Months,B.Tech Cybersecurity
Cloud Inc,"Node.js, TensorFlow","OpenCV, NoSQL",Pandas,Mobile App Development,Pune,8.4,12 Months,B.Tech Computer Science
Cloud Labs,"Linux, DevOps","Node.js, TensorFlow","PowerBI, Java",Web Development,Kolkata,9.3,6 Months,B.E. Information Technology
Cloud Labs Analytics,"Deep Learning, Linux","Network Security, React","SQL, Network Security",Mobile App Development,Chandigarh,6.9,9 Months,BCA / MCA
Cloud Networks,"NLP, Scikit-learn","Librosa, Scikit-learn","Kubernetes, DevOps",DevOps,London,8.1,2 Months,Mechanical Engineering
Cloud Security,"Incident Response, Ethical Hacking","Network Security, Mobile Forensics","Bash, Scikit-learn",Cloud Computing,Kolkata,6.5,6 Months,B.E. Cloud Computing
Cloud Software,"Deep Learning, Python","Network Security, Python","SQL, AWS",Mobile App Development,Gurgaon,7.3,4 Months,B.Tech Computer Science
Cloud Solutions,"PyTorch, SQL","Bash, NLP","React, PyTorch",Software Engineering,Remote,9.5,12 Months,BCA / MCA
Cloud Space Ventures,"Azure, JavaScript","Ethical Hacking, DevOps","Cybersecurity, JavaScript",Web Development,Remote,9.3,9 Months,BCA / MCA
Cloud Systems,"Scikit-learn, Pandas","Azure, Network Security","Cybersecurity, PyTorch",DevOps,Singapore,8.7,3 Months,B.E. Cloud Computing
Cloud Technologies,"Machine Learning, DevOps","NoSQL, Network Security","Kubernetes, Java",Cloud Computing,Hyderabad,8.3,4 Months,Mechanical Engineering
Clover Technologies Pvt Ltd,"Scikit-learn, Network Security","JavaScript, Scikit-learn","Node.js, PowerBI",Web Development,Pune,7.7,3 Months,B.Tech Computer Science
CMC Limited,"GCP, JavaScript","Librosa, Scikit-learn","React, PyTorch",Software Engineering,New Delhi,6.6,3 Months,B.Tech CS / M.Tech
Coforge Limited,"Python, NLP","Linux, JavaScript","NoSQL, Azure",Web Development,San Francisco,7.3,12 Months,B.Sc Statistics / Math
Cogito Technologies Ltd,"PyTorch, Network Security","PyTorch, Incident Response","PyTorch, Java",Web Development,Noida,7.6,6 Months,B.Sc / M.Sc Data Science
Cognizant,"SQL, Incident Response","PyTorch, PowerBI",JavaScript,Cloud Computing,Hyderabad,7.9,2 Months,B.E. Cloud Computing
Cognizant Technology Solutions,"Data Analysis, Linux","Digital Forensics, Node.js","AWS, Incident Response",Database Administration,London,6.7,6 Months,B.Tech CS / M.Tech
Cognizant Technology Solutions India Pvt. Ltd.,"Ethical Hacking, Pandas","SQL, Deep Learning","Incident Response, C++",Software Engineering,Chennai,6.1,2 Months,B.Sc / M.Sc Data Science
Cognosys Software Pvt Ltd,"Scikit-learn, Cybersecurity","PowerBI, OpenCV","Bash, Pandas",Software Engineering,New Delhi,6.1,9 Months,BCA / MCA
Compudyne Winfosystems Limited,"Kubernetes, JavaScript","OpenCV, Data Analysis","Ethical Hacking, PowerBI",Software Engineering,Bangalore,6.9,2 Months,M.Sc Cyber Forensics
Compulink Systems Pvt Ltd,"Ethical Hacking, Network Security","Computer Vision, NLP","Bash, Pandas",Database Administration,Bangalore,6.8,3 Months,B.E. Cloud Computing
Computech International Limited,"Mobile Forensics, SQL","Node.js, OpenCV","Python, Librosa",Software Engineering,Kolkata,8.7,4 Months,B.Tech CS / IT
Computer Clinic India Pvt. Ltd.,"Python, Docker","Azure, Docker","Cybersecurity, NLP",Cloud Computing,New Delhi,6.1,12 Months,B.Tech Computer Science
Computer Sciences Corporation India Pvt Ltd,Web Development,"Linux, Machine Learning","NLP, SQL",Data Science & AI,Indore,7.8,9 Months,B.Tech Cybersecurity
Congruent Solutions Pvt. Ltd.,"Kubernetes, Network Security","Bash, Python","Kubernetes, Scikit-learn",Cloud Computing,Chennai,7.2,6 Months,B.E. Information Technology
Consindia Private Limited,"Java, Scikit-learn","JavaScript, Ethical Hacking","Scikit-learn, NLP",DevOps,Mumbai,9.1,3 Months,B.Tech Computer Science
Consolidated Futuristic Solutions Ltd,"OpenCV, Node.js","NoSQL, Machine Learning","OpenCV, DevOps",Cybersecurity & Forensics,Gurgaon,6.6,12 Months,BCA / MCA
Consulting Engineering Services (I) Ltd,"PyTorch, Linux","Librosa, Scikit-learn","Bash, Linux",Mobile App Development,New Delhi,9.5,12 Months,B.Tech CS / M.Tech
Contech Software Ltd.,Web Development,"JavaScript, Java","Bash, Scikit-learn",DevOps,Gujarat,6.4,3 Months,B.E. Information Technology
Convergent Software Limited,"C++, Java","Deep Learning, Mobile Forensics","Java, OpenCV",Data Science & AI,Delhi,8.6,4 Months,B.Tech CS / IT
Convergys India Services Pvt Ltd,"Linux, PowerBI","SQL, TensorFlow","Bash, C++",DevOps,Gurgaon,9,3 Months,B.Tech Computer Science
Cordiant Interweb Technologies Pvt Ltd,"Deep Learning, Data Analysis","AWS, Computer Vision","PyTorch, SQL",Software Engineering,Kochi,7.9,6 Months,B.Tech CS / IT
Core Consulting,"Computer Vision, PowerBI","Azure, Cybersecurity","Machine Learning, C++",Database Administration,London,7.6,2 Months,B.Tech CS / IT
Core Corp,"Scikit-learn, OpenCV","TensorFlow, DevOps","Machine Learning, Network Security",Web Development,Kolkata,6.5,12 Months,B.E. Information Technology
Core Defense,"Cybersecurity, Linux","Computer Vision, NLP","Bash, Deep Learning",Web Development,Chennai,7.1,9 Months,BCA / MCA
Core Group,"PyTorch, Pandas","Librosa, Incident Response","Computer Vision, Java",Data Science & AI,Hyderabad,6.9,4 Months,B.Sc / M.Sc Data Science
Core Innovations,"OpenCV, Pandas","Cybersecurity, DevOps","Pandas, Java",Cloud Computing,Gurgaon,6.8,6 Months,Mechanical Engineering
Core Labs,"Ethical Hacking, Network Security","Computer Vision, GCP",SQL,Web Development,Bangalore,8.8,9 Months,B.Tech Computer Science
Core Networks,"Data Analysis, Scikit-learn","Network Security, Linux","DevOps, Data Analysis",Cloud Computing,Bangalore,8.9,12 Months,Mechanical Engineering
Core Security,"NoSQL, JavaScript","Docker, JavaScript","Bash, React",Cybersecurity & Forensics,Pune,6.7,9 Months,BCA / MCA
Core Solucomm Ltd,"PyTorch, Linux","Network Security, Kubernetes",Kubernetes,Database Administration,New Delhi,6.5,6 Months,B.Tech CS / M.Tech
Core Tech,"JavaScript, Docker","Mobile Forensics, PyTorch","Cybersecurity, Docker",Cloud Computing,Gurgaon,8.6,6 Months,B.E. Cloud Computing
Cosmic Infotech Solutions,"DevOps, Computer Vision","GCP, SQL",Machine Learning,Database Administration,New Delhi,7.2,6 Months,BCA / MCA
Cosystems Technologies Private Limited.,Web Development,"Pandas, Scikit-learn","Kubernetes, AWS",Software Engineering,Bangalore,9.4,9 Months,Mechanical Engineering
Covansys India (Private) Ltd.,"Azure, SQL","Azure, Python","Azure, React",Cloud Computing,Chennai,8.2,6 Months,B.Sc Information Security
Cranes Software International Ltd.,Web Development,"Ethical Hacking, SQL","Scikit-learn, Ethical Hacking",Mobile App Development,Bangalore,8.9,3 Months,M.Sc Cyber Forensics
"Creatnet Services Ltd., New","Digital Forensics, Bash","Machine Learning, DevOps","Kubernetes, Python",Mobile App Development,Bangalore,7.9,6 Months,B.E. Cloud Computing
Cresco Technology (P) Ltd.,"Cybersecurity, Digital Forensics","OpenCV, Mobile Forensics","Data Analysis, Cybersecurity",DevOps,Noida,7.2,12 Months,B.Sc / M.Sc Data Science
Crossdomain Solutions Pvt Ltd,"Docker, AWS","Kubernetes, Python","Cybersecurity, Docker",Cybersecurity & Forensics,Bangalore,6.3,2 Months,B.Sc / M.Sc Data Science
Crossword Software Pvt Ltd,"Bash, Ethical Hacking","Node.js, Kubernetes","Ethical Hacking, Linux",DevOps,New Delhi,7.2,9 Months,Mechanical Engineering
CrowdStrike,"React, JavaScript","Network Security, PyTorch",Kubernetes,Web Development,Pune,9.4,6 Months,B.E. Information Technology
Cruise Controls Pvt Ltd,Web Development,"Bash, Incident Response","Node.js, OpenCV",Database Administration,Pune,6.7,12 Months,B.Sc / M.Sc Data Science
CustomerAsset India Pvt. Ltd.,"GCP, Ethical Hacking","Data Analysis, Network Security",NLP,Web Development,Bangalore,6.8,4 Months,B.Tech CS / M.Tech
Cyber Analytics,"Scikit-learn, Ethical Hacking","Azure, Data Analysis","Machine Learning, Pandas",Data Science & AI,Kolkata,7,6 Months,B.Sc / M.Sc Data Science
Cyber App Limited,"Java, Mobile Forensics","Machine Learning, Java","OpenCV, Librosa",Database Administration,Mumbai,9.1,4 Months,B.E. Cloud Computing
Cyber Consulting,"PyTorch, PowerBI","Docker, NLP","Kubernetes, Scikit-learn",Cybersecurity & Forensics,Hyderabad,8.7,4 Months,B.Tech Cybersecurity
Cyber Corp,"Librosa, Machine Learning","PowerBI, Node.js","C++, GCP",Cloud Computing,Pune,6.9,4 Months,Mechanical Engineering
Cyber Cyber Limited,"Kubernetes, Java","OpenCV, Docker","DevOps, Librosa",Cybersecurity & Forensics,Remote,7.7,12 Months,BCA / MCA
Cyber Defense,"SQL, PowerBI","NLP, C++","Azure, React",Database Administration,Noida,7.7,6 Months,B.Tech CS / IT
Cyber Dynamics,"PowerBI, Cybersecurity","Ethical Hacking, SQL","Computer Vision, Bash",Data Science & AI,Hyderabad,7.3,9 Months,B.Tech CS / M.Tech
Cyber Initiatives (India) Ltd,"Computer Vision, SQL","Data Analysis, Librosa",Bash,Cloud Computing,Ahmedabad,7.1,9 Months,B.Tech CS / IT
Cyber Innovations,"AWS, Incident Response","TensorFlow, OpenCV","SQL, OpenCV",Database Administration,Pune,8.9,12 Months,B.E. Cloud Computing
Cyber Labs,"DevOps, OpenCV","SQL, Scikit-learn","Kubernetes, Docker",Cybersecurity & Forensics,Noida,7.6,2 Months,M.Sc Cyber Forensics
Cyber Link Innovations,"Mobile Forensics, Cybersecurity","DevOps, Cybersecurity","Librosa, Mobile Forensics",Mobile App Development,Coimbatore,6.8,3 Months,B.E. Information Technology
Cyber Networks,"Kubernetes, PyTorch","Linux, Machine Learning","Deep Learning, PyTorch",DevOps,Seattle,9.1,3 Months,B.E. Cloud Computing
Cyber Sec Innovations,"Node.js, GCP","NoSQL, React","Pandas, TensorFlow",Data Science & AI,Ahmedabad,9,9 Months,B.Tech CS / M.Tech
Cyber Security,"Incident Response, TensorFlow","Node.js, React","AWS, Node.js",Database Administration,Chennai,8.8,2 Months,Mechanical Engineering
Cyber Services Networks,"AWS, Data Analysis","JavaScript, Ethical Hacking","Azure, Mobile Forensics",Cloud Computing,Kochi,8.1,2 Months,B.Tech CS / IT
Cyber Software,"AWS, Mobile Forensics","Machine Learning, GCP","TensorFlow, Python",Web Development,Remote,6.1,3 Months,B.Tech Computer Science
Cyber Solutions,"Computer Vision, Java","Pandas, C++","Ethical Hacking, Incident Response",Cloud Computing,San Francisco,8.6,4 Months,B.E. Cloud Computing
Cyber Solutions Limited,"DevOps, AWS","Deep Learning, Docker","SQL, React",Cybersecurity & Forensics,Hyderabad,8.5,9 Months,B.Tech Cybersecurity
Cyber Space Analytics,"PowerBI, Kubernetes","AWS, SQL","JavaScript, PowerBI",Web Development,Mumbai,6.4,12 Months,B.Tech Computer Science
Cyber Space Networks,"AWS, Computer Vision","Librosa, JavaScript","JavaScript, Python",Software Engineering,Lucknow,6.9,2 Months,BCA / MCA
Cyber Systems,"Incident Response, AWS","C++, SQL","NoSQL, JavaScript",Software Engineering,Noida,7.2,2 Months,B.Tech Computer Science
Cyber Technologies,"Digital Forensics, AWS","DevOps, Java","AWS, Java",Data Science & AI,Seattle,6.8,9 Months,B.Sc Statistics / Math
Cyber Web Ventures,"Kubernetes, Docker","SQL, Cybersecurity","Librosa, Java",Mobile App Development,Kochi,9.1,3 Months,BCA / MCA
Cybertech Systems and Software Ltd.,"NLP, Scikit-learn","AWS, SQL",NoSQL,Cloud Computing,Mumbai,6.5,12 Months,Mechanical Engineering
CybizCall (Inter national) Ltd,Web Development,"Pandas, NoSQL","NLP, Ethical Hacking",Web Development,Gurgaon,9.5,4 Months,B.E. Cloud Computing
Cygnus Software Pvt Ltd,"Scikit-learn, Pandas","Python, GCP","PyTorch, OpenCV",Web Development,Pune,8.2,4 Months,M.Sc Cyber Forensics
Cygsoft Limited,"JavaScript, Linux","PyTorch, Incident Response","Pandas, Machine Learning",Database Administration,Mumbai,9,2 Months,B.Sc Statistics / Math
Cyient Limited,"Librosa, Node.js","Pandas, Network Security",DevOps,Database Administration,Coimbatore,6.2,6 Months,B.E. Information Technology
D E Shaw India Software Pvt. Ltd.,"Scikit-learn, Cybersecurity","NLP, Azure","Bash, Mobile Forensics",Data Science & AI,Hyderabad,6.9,3 Months,B.E. Cloud Computing
Daksh eServices Pvt Ltd,"Librosa, React","GCP, Cybersecurity","Incident Response, JavaScript",Database Administration,Gurgaon,7.9,9 Months,B.Sc / M.Sc Data Science
Damco Advanced Technologies,"Data Analysis, Bash","C++, React","SQL, AWS",Software Engineering,New Delhi,6.5,2 Months,B.E. Cloud Computing
Daniel Measurement & Control (India) Pvt Ltd,"JavaScript, Computer Vision","PyTorch, Python","DevOps, Incident Response",Database Administration,Vadodara,9.4,4 Months,B.Tech CS / M.Tech
Danlaw Technologies India Ltd.,"Machine Learning, Python","TensorFlow, Linux","Machine Learning, Network Security",DevOps,Hyderabad,7,3 Months,B.E. Cloud Computing
Data Cloud Pvt Ltd,"Ethical Hacking, PyTorch","Node.js, Machine Learning","Kubernetes, Linux",Data Science & AI,Coimbatore,8.7,2 Months,B.Sc / M.Sc Data Science
Data Com Limited,"Linux, JavaScript","GCP, Kubernetes","Mobile Forensics, Java",Cybersecurity & Forensics,Remote,8.4,6 Months,B.Tech Cybersecurity
Data Com Networks,"Node.js, Kubernetes","Pandas, SQL","Docker, Cybersecurity",Software Engineering,Remote,6.7,12 Months,BCA / MCA
Data Corp,"AWS, PyTorch","GCP, Machine Learning","C++, AWS",Software Engineering,San Francisco,8.1,12 Months,B.Tech Computer Science
Data Cyber Limited,"Digital Forensics, Bash","Kubernetes, GCP","Computer Vision, Bash",Software Engineering,Bhubaneswar,8.9,3 Months,B.Tech Computer Science
Data Group,"Scikit-learn, Computer Vision","OpenCV, Mobile Forensics","Java, Data Analysis",Mobile App Development,Gurgaon,8.5,2 Months,BCA / MCA
Data Hub Enterprises,"NLP, TensorFlow","Machine Learning, Azure","NoSQL, Docker",Software Engineering,Gurgaon,6.5,12 Months,B.Tech Computer Science
Data Labs,"Kubernetes, Network Security","Azure, Java","Librosa, Linux",Web Development,San Francisco,8.9,2 Months,B.Tech Computer Science
Data Labs Analytics,"Linux, Cybersecurity","AWS, Data Analysis","NoSQL, PyTorch",Data Science & AI,Kolkata,6.5,2 Months,B.Sc Statistics / Math
Data Link Enterprises,"Data Analysis, Librosa","Digital Forensics, SQL","Scikit-learn, TensorFlow",Software Engineering,Kochi,8.5,4 Months,B.E. Information Technology
Data Net Limited,"Computer Vision, Incident Response","DevOps, Deep Learning","PowerBI, Docker",Software Engineering,Remote,6.7,2 Months,B.E. Information Technology
Data Networks,"Java, Scikit-learn","Deep Learning, Mobile Forensics","React, AWS",Cybersecurity & Forensics,Pune,9.5,9 Months,M.Sc Cyber Forensics
Data Security,"Java, NoSQL","Data Analysis, React","Kubernetes, Bash",Web Development,Noida,7.6,6 Months,B.E. Information Technology
Data Soft Analytics,"GCP, Ethical Hacking","Node.js, TensorFlow","Data Analysis, JavaScript",DevOps,Jaipur,7.9,3 Months,B.Tech CS / IT
Data Soft Solutions,"Java, Librosa","AWS, Ethical Hacking","Deep Learning, DevOps",DevOps,Remote,8.3,9 Months,Mechanical Engineering
Data Software Research Company International Ltd.,"Linux, PowerBI","Incident Response, Scikit-learn","PowerBI, Data Analysis",Database Administration,Chennai,7.4,12 Months,M.Sc Cyber Forensics
Data Tech,"Data Analysis, Network Security","Azure, Librosa",NLP,Database Administration,Gurgaon,6.1,12 Months,B.Tech CS / IT
Data Tech Enterprises,"Network Security, OpenCV","Deep Learning, React","Linux, Machine Learning",Mobile App Development,Remote,8.5,9 Months,BCA / MCA
Data Tech Systems,"Computer Vision, Incident Response","NoSQL, GCP","Ethical Hacking, TensorFlow",Cloud Computing,Chennai,6.9,4 Months,B.E. Cloud Computing
Datacons Pvt. Ltd.,Web Development,"Mobile Forensics, NoSQL","Java, OpenCV",Cloud Computing,Hyderabad,6.8,2 Months,B.Sc Statistics / Math
Data-Core (India) Ltd.,"Computer Vision, Java","Ethical Hacking, Machine Learning","NLP, Deep Learning",Cloud Computing,Bangalore,9,9 Months,Mechanical Engineering
Datacraft India Ltd.,"Scikit-learn, Cybersecurity","DevOps, Deep Learning",GCP,Mobile App Development,Mumbai,6.9,12 Months,B.Tech CS / IT
Datadog,"Pandas, Python","SQL, Incident Response",OpenCV,Database Administration,Chennai,7,12 Months,B.E. Cloud Computing
Datamatics Ltd.,"GCP, Cybersecurity","Python, Machine Learning","GCP, JavaScript",Database Administration,Mumbai,6.8,6 Months,BCA / MCA
Datamatics Technologies Pvt. Ltd.,"Incident Response, Node.js","Digital Forensics, C++","GCP, Bash",Database Administration,Mumbai,7.4,9 Months,M.Sc Cyber Forensics
Datapro Infoworld Ltd.,"Machine Learning, Azure","NoSQL, SQL","Cybersecurity, GCP",Software Engineering,Mumbai,9.2,2 Months,B.E. Information Technology
Dawn Consulting,"Librosa, Incident Response","Node.js, NLP","JavaScript, Python",Cybersecurity & Forensics,Bangalore,7.5,3 Months,Mechanical Engineering
DCM Datasystems Ltd.,"C++, JavaScript","NoSQL, Machine Learning","React, PyTorch",Cloud Computing,New Delhi,7.2,3 Months,BCA / MCA
DCM Technologies Limited,Web Development,"Deep Learning, PowerBI",Python,Database Administration,Gurgaon,7.6,6 Months,B.Tech CS / IT
DDE ORG Systems Ltd.,"PyTorch, GCP","Scikit-learn, Bash","Bash, Deep Learning",Data Science & AI,Bangalore,6.3,12 Months,B.Tech Cybersecurity
Deccan Infotech (P) Limited,"AWS, Digital Forensics","Computer Vision, Java","SQL, Data Analysis",Data Science & AI,Bangalore,7.1,6 Months,BCA / MCA
Deccanet Designs Limited,"Node.js, Scikit-learn","Bash, Digital Forensics","JavaScript, Bash",Mobile App Development,Bangalore,8.7,2 Months,B.Tech Computer Science
Decision Technologies (India ) Pvt Ltd,Web Development,"Node.js, Azure","Machine Learning, OpenCV",Software Engineering,Mumbai,8.7,6 Months,BCA / MCA
Dell,"Docker, Java","Java, AWS",Pandas,DevOps,Mumbai,9,4 Months,B.E. Cloud Computing
Dell Technologies India,"Bash, DevOps","Digital Forensics, Python","Computer Vision, NLP",Cloud Computing,San Francisco,6.5,9 Months,B.Tech CS / IT
Deloitte India,"Network Security, Linux","JavaScript, Network Security","GCP, JavaScript",Database Administration,Mumbai,9,4 Months,M.Sc Cyber Forensics
Delsoft India Pvt. Ltd.,"Scikit-learn, NoSQL","Machine Learning, TensorFlow","Incident Response, Scikit-learn",Web Development,Noida,8.5,2 Months,B.Tech CS / IT
Delsys Infotech Pvt. Ltd.,"Scikit-learn, Cybersecurity","SQL, Pandas","Azure, NoSQL",Cybersecurity & Forensics,Mumbai,6.1,3 Months,BCA / MCA
Desi Com Limited,"DevOps, SQL","Librosa, PowerBI","Deep Learning, PyTorch",Software Engineering,Remote,9.2,4 Months,B.Tech Computer Science
Desi Consulting Innovations,"Docker, Digital Forensics","Network Security, Machine Learning","DevOps, Incident Response",DevOps,Chandigarh,8.7,6 Months,B.Tech CS / IT
Desi Hub Ventures,"Ethical Hacking, Docker","Incident Response, Cybersecurity","DevOps, Deep Learning",Mobile App Development,Remote,6.4,3 Months,B.E. Information Technology
Desi Info Solutions,"Bash, Computer Vision","TensorFlow, Computer Vision","NoSQL, React",Web Development,Remote,8.9,3 Months,B.E. Information Technology
Desi Link Labs,"AWS, React","Kubernetes, Scikit-learn","Cybersecurity, Java",Web Development,Chennai,6.2,3 Months,B.Tech Computer Science
Desi Link Ventures,"Pandas, GCP","Network Security, Librosa","NLP, Incident Response",Database Administration,Remote,6.9,2 Months,B.E. Cloud Computing
Desi Solutions Systems,"React, Pandas","Librosa, Machine Learning","Machine Learning, Data Analysis",Database Administration,Remote,7.5,9 Months,Mechanical Engineering
Desi Space Innovations,"Docker, AWS","NLP, Mobile Forensics","Cybersecurity, Azure",Data Science & AI,Remote,7.4,9 Months,B.Sc / M.Sc Data Science
Desi Tech Labs,"TensorFlow, Docker","AWS, SQL","Mobile Forensics, Kubernetes",Data Science & AI,Remote,9.5,6 Months,B.Sc / M.Sc Data Science
Desi Tech Networks,"NLP, Python","Computer Vision, Bash","Digital Forensics, React",DevOps,Remote,8.7,9 Months,B.E. Cloud Computing
Desi Web Solutions,"React, Azure","Librosa, PowerBI","DevOps, Machine Learning",DevOps,Noida,6.3,2 Months,Mechanical Engineering
DESS Technologies,"GCP, Python","C++, Linux","Deep Learning, PowerBI",Cybersecurity & Forensics,Mumbai,7.2,2 Months,B.Tech CS / IT
Dexterity Business Analysts Private Limited.,"Network Security, OpenCV","SQL, TensorFlow","OpenCV, Linux",Web Development,Chennai,8.9,9 Months,B.Tech CS / IT
Dharma AI Systems,"Node.js, Incident Response","DevOps, Librosa","OpenCV, SQL",Web Development,Kochi,7.4,2 Months,BCA / MCA
Dharma App Ventures,"PowerBI, SQL","C++, Mobile Forensics","Deep Learning, NLP",Cloud Computing,Remote,6.9,4 Months,Mechanical Engineering
Dharma Com Ventures,"Network Security, Mobile Forensics","Scikit-learn, Network Security","Data Analysis, Incident Response",Cloud Computing,Remote,6,2 Months,B.E. Cloud Computing
Dharma Consulting Limited,"JavaScript, Incident Response","Network Security, Azure","Bash, Linux",Web Development,Remote,7.3,2 Months,B.Tech Computer Science
Dharma Cyber Group,"TensorFlow, Incident Response","Digital Forensics, Librosa","Deep Learning, Ethical Hacking",Mobile App Development,Chennai,8.9,3 Months,B.E. Information Technology
Dharma Cyber Technologies,"Docker, GCP","Kubernetes, DevOps","JavaScript, Cybersecurity",Database Administration,Remote,7.3,3 Months,B.Tech CS / IT
Dharma Data Enterprises,"Azure, Cybersecurity","GCP, Azure","Scikit-learn, C++",Cybersecurity & Forensics,Gurgaon,7.7,9 Months,BCA / MCA
Dharma Hub Networks,"NLP, Network Security","SQL, Docker","Bash, Mobile Forensics",Cloud Computing,Remote,8.2,12 Months,B.E. Cloud Computing
Dharma Info Systems,"Data Analysis, PyTorch","Kubernetes, Cybersecurity","NoSQL, React",Database Administration,Kochi,6.1,6 Months,B.E. Cloud Computing
Dharma Info Technologies,"TensorFlow, Python","OpenCV, Computer Vision","Kubernetes, Python",Web Development,Pune,7.4,6 Months,BCA / MCA
Dharma Sec Analytics,"Machine Learning, GCP","C++, Machine Learning","PyTorch, AWS",Cloud Computing,Remote,6.9,9 Months,Mechanical Engineering
Dharma Soft Pvt Ltd,"Ethical Hacking, Azure","Computer Vision, PowerBI","Scikit-learn, Computer Vision",Software Engineering,Thiruvananthapuram,7.8,9 Months,B.E. Information Technology
Dharma Sys Group,"React, Python","DevOps, OpenCV","Bash, C++",Cloud Computing,Remote,6.4,4 Months,B.E. Cloud Computing
Dharma Sys Innovations,"SQL, Python","Mobile Forensics, Docker","Java, OpenCV",Web Development,Indore,7.9,9 Months,B.E. Information Technology
Dharma Systems Pvt. Ltd.,"DevOps, AWS","SQL, Azure","Azure, SQL",Mobile App Development,Bangalore,8.8,12 Months,B.E. Information Technology
Differential Technologies Limited,"DevOps, GCP","Kubernetes, Network Security","PowerBI, Cybersecurity",Cloud Computing,New Delhi,7.8,6 Months,B.E. Cloud Computing
Digital GlobalSoft Ltd.,"AWS, Network Security","Linux, JavaScript","OpenCV, Deep Learning",Cloud Computing,Bangalore,8.5,4 Months,B.Sc Statistics / Math
"Digitec Engineers & Computech Pvt Ltd, Indore, MP","Network Security, TensorFlow","GCP, SQL",Librosa,DevOps,Delhi,9.3,3 Months,M.Sc Cyber Forensics
"Directorate of Technical Education, Punjab","Ethical Hacking, Azure","Network Security, DevOps","Python, SQL",DevOps,Chandigarh,6.5,2 Months,B.Tech CS / IT
"Disha Online (P) Ltd, Raipur (MP)","Linux, React","Digital Forensics, SQL","Docker, NoSQL",Cybersecurity & Forensics,Indore,8.2,2 Months,B.E. Information Technology
Divas Offshore Software Technologies (P) Ltd,"Computer Vision, SQL","AWS, GCP","Bash, Scikit-learn",Database Administration,New Delhi,8.6,2 Months,BCA / MCA
divine India Limited,"Scikit-learn, Cybersecurity","PowerBI, TensorFlow","Ethical Hacking, TensorFlow",Data Science & AI,Hyderabad,8.3,4 Months,B.E. Cloud Computing
Dogma Soft Public Limited,"Digital Forensics, Network Security","Data Analysis, DevOps","Data Analysis, Deep Learning",Cybersecurity & Forensics,Jaipur,7.6,2 Months,B.Tech CS / M.Tech
DPS Technologies India Pvt Ltd,"Pandas, Deep Learning","Pandas, OpenCV","Network Security, Mobile Forensics",Database Administration,Kolkata,8.6,4 Months,B.E. Cloud Computing
DRS Infosystems Ltd,"Deep Learning, Data Analysis","GCP, Deep Learning","Ethical Hacking, Cybersecurity",Web Development,Tamil Nadu,8.3,9 Months,B.Tech CS / IT
Druva,"Network Security, TensorFlow","Python, Data Analysis","TensorFlow, Machine Learning",Web Development,Delhi,6.1,2 Months,B.Tech CS / M.Tech
DSL Software Ltd.,"React, Deep Learning","Java, Docker","OpenCV, SQL",Database Administration,Bangalore,6.1,2 Months,BCA / MCA
DSQ Software Limited,"Digital Forensics, Ethical Hacking","Java, Python","Computer Vision, Azure",Database Administration,Chennai,6.6,3 Months,Mechanical Engineering
DSS Infotech Pvt. Ltd.,"C++, Docker","C++, Deep Learning","Bash, Azure",Data Science & AI,Pune,9.1,9 Months,B.Tech CS / IT
Duncan Infotech,"Librosa, Ethical Hacking","Scikit-learn, Machine Learning","Java, Kubernetes",DevOps,Hyderabad,9.1,3 Months,B.Tech CS / IT
Dusk Valley Technologies Ltd,"Pandas, OpenCV","Cybersecurity, NLP","AWS, PyTorch",Mobile App Development,Gurgaon,8.1,12 Months,B.Sc Information Security
E B C Publishing Pvt. Ltd.,"Scikit-learn, Computer Vision","Scikit-learn, Python",Librosa,DevOps,Lucknow,7.6,6 Months,B.Tech Cybersecurity
e Three R Info Systems Pvt Ltd,"Cybersecurity, C++","Machine Learning, Incident Response","Node.js, OpenCV",Database Administration,New Delhi,8,9 Months,B.E. Cloud Computing
Eastern Software Systems Ltd.,"TensorFlow, GCP","Machine Learning, DevOps","OpenCV, Deep Learning",Web Development,New Delhi,8.7,6 Months,B.Tech Cybersecurity
e-biz Concepts (India) ltd,"DevOps, OpenCV","Pandas, Computer Vision","Network Security, Kubernetes",Software Engineering,Ahmedabad,8.7,4 Months,BCA / MCA
E-Brahma Technologies (P) Ltd.,"Docker, Computer Vision","Scikit-learn, Mobile Forensics","SQL, Deep Learning",Software Engineering,Coimbatore,7.2,12 Months,Mechanical Engineering
Eclipse Systems Pvt. Ltd.,Web Development,"Incident Response, Scikit-learn","DevOps, Python",Database Administration,Noida,7.6,2 Months,BCA / MCA
Ecom Server India (P) Ltd,"Deep Learning, Linux","PowerBI, Incident Response","Kubernetes, Linux",Mobile App Development,Hyderabad,6.4,3 Months,B.Sc Statistics / Math
Ecomenable Pvt Ltd,"Java, NLP","OpenCV, Mobile Forensics","OpenCV, Scikit-learn",Software Engineering,Baroda,6.4,3 Months,B.Tech Cybersecurity
EDS - Electronic Data Systems (India) Private Limited,"SQL, Kubernetes","Cybersecurity, Node.js","Digital Forensics, Incident Response",Data Science & AI,Gurgaon,7.3,3 Months,BCA / MCA
Edutech Information India,"Computer Vision, Network Security","Docker, Linux","DevOps, C++",Data Science & AI,Gurgaon,6,2 Months,B.Tech CS / M.Tech
e-enable Technologies Pvt Ltd,"Docker, GCP","Computer Vision, PyTorch","OpenCV, DevOps",Data Science & AI,New Delhi,8.3,4 Months,B.Tech CS / IT
eFunds International Private Limited,"JavaScript, Linux","GCP, Kubernetes","Network Security, Librosa",Web Development,Mumbai,8.9,12 Months,B.E. Information Technology
e-Infochips Pvt. Ltd.,"Deep Learning, React","SQL, Network Security","Bash, NLP",Cloud Computing,Ahmedabad,6.3,4 Months,B.Tech CS / IT
EKnowVenture Technologies Pvt Ltd,"Librosa, Bash","Bash, Kubernetes","Pandas, NLP",Web Development,Bangalore,7.4,6 Months,BCA / MCA
Electronics Corporation of Tamil Nadu Limited,"Machine Learning, GCP","Azure, Java","Cybersecurity, Java",DevOps,Chennai,6.9,3 Months,B.Tech CS / IT
Elgi Software Ltd.,"PowerBI, Linux","Network Security, Mobile Forensics","Deep Learning, PyTorch",DevOps,Coimbatore,9,2 Months,B.Tech Cybersecurity
Elind Computers Ltd,"DevOps, NoSQL","Bash, Machine Learning","Data Analysis, Digital Forensics",Cloud Computing,Bangalore,7.7,6 Months,B.Tech CS / IT
Emcure Infotech Ltd,"AWS, Librosa","Docker, OpenCV","Machine Learning, Cybersecurity",Software Engineering,Pune,7.2,2 Months,BCA / MCA
Emerson Network Power (India) Pvt Ltd,"C++, JavaScript","Pandas, Network Security","SQL, Java",Cloud Computing,Mumbai,6.7,3 Months,B.Sc Information Security
eMR Technology Ventures Pvt. Ltd.,"Python, SQL","Computer Vision, Mobile Forensics","Deep Learning, NLP",Database Administration,Gurgaon,8.7,6 Months,B.Tech CS / M.Tech
Encodex Technologies (India) Pvt. Ltd.,Web Development,"Java, Pandas","Bash, Mobile Forensics",Data Science & AI,Pune,8.8,9 Months,B.E. Information Technology
Enlink Infotech Pvt Ltd,"SQL, PyTorch","TensorFlow, Docker","Node.js, JavaScript",Cybersecurity & Forensics,Mumbai,7,4 Months,Mechanical Engineering
Entcomm (Asia) Pvt. Ltd.,"Linux, Java","Incident Response, C++","GCP, NoSQL",Cloud Computing,Chennai,7.4,9 Months,B.E. Information Technology
Eonour Software Ltd.,"Scikit-learn, Cybersecurity","GCP, Deep Learning","NLP, Docker",Data Science & AI,Chennai,6.9,2 Months,Mechanical Engineering
Epicenter Technologies Pvt Ltd,"Linux, Node.js","SQL, TensorFlow","Ethical Hacking, Data Analysis",Database Administration,Chennai,8.8,3 Months,B.Tech CS / M.Tech
Escosoft Technologies Ltd.,Web Development,"NLP, PowerBI","Bash, Azure",Data Science & AI,New Delhi,8.1,4 Months,B.E. Information Technology
ESN Technologies (I) Pvt Ltd,"Docker, Ethical Hacking","PyTorch, Bash","OpenCV, SQL",Software Engineering,Hyderabad,9,4 Months,Mechanical Engineering
eSoft Consulting Ltd,"Deep Learning, React","Digital Forensics, Pandas",Scikit-learn,Cloud Computing,Hyderabad,7.9,2 Months,B.E. Information Technology
Esols Worldwide Ltd.,"NoSQL, Computer Vision","GCP, Node.js","PowerBI, PyTorch",Software Engineering,Mumbai,8,2 Months,BCA / MCA
eSpace Technologies Pvt.Ltd.,"NLP, Azure","Node.js, C++","AWS, Ethical Hacking",Data Science & AI,Chennai,8.5,3 Months,BCA / MCA
ESPL Systems Private Limited,"SQL, PowerBI","Network Security, Librosa","Mobile Forensics, Scikit-learn",Mobile App Development,New Delhi,7.1,9 Months,B.Tech CS / IT
"Essar Information Technology Ltd., Surat (DT)","SQL, JavaScript","Digital Forensics, NLP","PowerBI, Incident Response",Software Engineering,Chennai,8.2,12 Months,B.E. Cloud Computing
Essel Software & Services Ltd.,"Deep Learning, NLP","Kubernetes, Ethical Hacking",Bash,Cloud Computing,Hyderabad,8.8,4 Months,B.Tech Cybersecurity
Esskay Solutions Ltd,"PyTorch, Librosa","Linux, Machine Learning","JavaScript, NLP",Data Science & AI,Hyderabad,6.5,6 Months,Mechanical Engineering
Etisbew.com Pvt Ltd,"TensorFlow, GCP","OpenCV, Data Analysis",Kubernetes,Software Engineering,Hyderabad,7.9,3 Months,B.Tech Computer Science
Euclid India Limited,"Docker, Java","Digital Forensics, Node.js","AWS, NLP",Database Administration,Hyderabad,8,4 Months,B.Tech CS / IT
Euro Info Systems Pvt. Ltd.,"Scikit-learn, Cybersecurity","TensorFlow, Computer Vision","C++, AWS",Web Development,Noida,7.5,6 Months,B.Sc / M.Sc Data Science
Eutech Cybernetics (India) Pvt Ltd,"AWS, Librosa","React, Deep Learning","Kubernetes, JavaScript",Web Development,Chennai,6.9,4 Months,B.Tech Computer Science
Excel Infotech Ltd,"OpenCV, Scikit-learn","Librosa, PowerBI","SQL, NLP",Cloud Computing,Gurgaon,7.6,12 Months,B.Tech CS / IT
Exel NetCommerce Ltd,"Linux, PowerBI","Digital Forensics, JavaScript","AWS, Scikit-learn",Software Engineering,Mumbai,6.4,12 Months,B.Tech Computer Science
Eximsoft Technologies Pvt. Ltd.,"Data Analysis, PyTorch","AWS, Computer Vision","React, Deep Learning",Mobile App Development,Bangalore,7.7,12 Months,B.Sc / M.Sc Data Science
ExlService.Com (I) Pvt. Ltd.,Web Development,"Docker, Azure","Docker, Librosa",Web Development,Noida,8.6,6 Months,B.E. Information Technology
EXplora InfoTech Limited,"Node.js, GCP","Pandas, PowerBI","Cybersecurity, Docker",Software Engineering,Ahmedabad,7.6,4 Months,B.Tech CS / M.Tech
EY India,"NLP, Data Analysis","Data Analysis, Node.js","NoSQL, Java",DevOps,San Francisco,8.7,3 Months,Mechanical Engineering
EZCommerce (India) Limited,Web Development,"Node.js, Machine Learning","Deep Learning, NoSQL",Database Administration,Secunderabad,6.4,2 Months,Mechanical Engineering
FCS Software Solutions Ltd,"OpenCV, Mobile Forensics","Bash, NLP","Librosa, Mobile Forensics",Cloud Computing,Noida,7.5,3 Months,B.E. Information Technology
Fil - Flan Systems,"SQL, Bash","PyTorch, Bash","Docker, GCP",Software Engineering,Mumbai,6.8,2 Months,B.E. Cloud Computing
Financial Technologies (India) Ltd.,"Scikit-learn, Cybersecurity","Azure, Python","OpenCV, Azure",Cybersecurity & Forensics,Mumbai,7.7,9 Months,B.E. Information Technology
FireEye,"Kubernetes, Python","PowerBI, Data Analysis",Data Analysisr,Web Development,Remote,6.5,12 Months,B.Tech Computer Science
First Ring I Pvt. Ltd.,"PyTorch, SQL","TensorFlow, Linux","Python, Digital Forensics",Software Engineering,Bangalore,7.8,4 Months,B.Sc Statistics / Math
Firstware Software Solutions,"Docker, Deep Learning","Librosa, Node.js","OpenCV, Ethical Hacking",Cloud Computing,Chennai,7.3,9 Months,BCA / MCA
Flipkart,"Computer Vision, Java","GCP, Cybersecurity","DevOps, Kubernetes",Data Science & AI,Mumbai,7.4,12 Months,B.Tech CS / M.Tech
Ford Business Service,"Scikit-learn, TensorFlow","Data Analysis, Linux","Machine Learning, Linux",Web Development,Chennai,6.5,4 Months,B.E. Information Technology
Forensic Analytics,"Kubernetes, Pandas","Docker, Bash","NLP, Deep Learning",Web Development,Pune,9.1,4 Months,B.E. Information Technology
Forensic Consulting,"Azure, Python","Digital Forensics, Ethical Hacking","C++, PyTorch",Data Science & AI,San Francisco,6.5,9 Months,B.Sc Statistics / Math
Forensic Data,"Kubernetes, PowerBI","TensorFlow, Docker","React, C++",DevOps,Singapore,8.2,9 Months,Mechanical Engineering
Forensic Defense,"Docker, OpenCV","Ethical Hacking, Scikit-learn","Pandas, AWS",Data Science & AI,Singapore,8.1,4 Months,B.Sc Statistics / Math
Forensic Dynamics,"TensorFlow, NoSQL","DevOps, AWS",Ethical Hacking,DevOps,Seattle,8.6,3 Months,B.Tech CS / IT
Forensic Group,"PowerBI, Ethical Hacking","Scikit-learn, Computer Vision","Linux, Azure",Software Engineering,Remote,6.8,6 Months,B.E. Information Technology
Forensic Inc,"DevOps, GCP","SQL, NLP",Scikit-learn,Software Engineering,Pune,7.2,2 Months,B.E. Information Technology
Forensic Labs,"OpenCV, Scikit-learn","Librosa, Scikit-learn","Data Analysis, NoSQL",Database Administration,Singapore,6.6,2 Months,B.Tech CS / IT
Forensic Networks,"Librosa, Data Analysis","C++, Bash","Network Security, Scikit-learn",Mobile App Development,Seattle,6.2,2 Months,B.E. Information Technology
Forensic Security,"Librosa, NLP","C++, Linux","Deep Learning, Kubernetes",Cloud Computing,Pune,6.9,6 Months,B.Tech CS / IT
Forensic Technologies,"Ethical Hacking, Java","DevOps, OpenCV","Incident Response, C++",DevOps,Remote,7.1,12 Months,B.E. Cloud Computing
Fortinet,"NoSQL, C++","JavaScript, Network Security",DevOps,Software Engineering,Hyderabad,8.6,6 Months,B.E. Information Technology
Freemarkets Services (P) Ltd,"GCP, Ethical Hacking","AWS, Data Analysis",Librosa,Software Engineering,Gurgaon,6.8,9 Months,B.Tech Cybersecurity
Freshworks Technologies,"Linux, Data Analysis","AWS, Ethical Hacking","Deep Learning, TensorFlow",Software Engineering,Jaipur,8.3,4 Months,M.Sc Cyber Forensics
Friendly Advanced Software Technology (P) Ltd.,"Docker, Java","Data Analysis, Librosa","Network Security, Scikit-learn",Web Development,Bangalore,8.2,2 Months,B.Sc Statistics / Math
Frontlinesoft Ltd.,"AWS, Mobile Forensics","Ethical Hacking, Network Security","Digital Forensics, GCP",Web Development,Hyderabad,7.5,4 Months,B.Tech Computer Science
Future AI Networks,"React, SQL","Docker, Azure","Librosa, Scikit-learn",Mobile App Development,Delhi,6.5,9 Months,BCA / MCA
Future Analytics,"PyTorch, Network Security","Kubernetes, Computer Vision","Machine Learning, NLP",Software Engineering,Remote,9,2 Months,B.Tech Computer Science
Future Cloud Group,"Pandas, Python","SQL, Python","Docker, NLP",Cloud Computing,Pune,8.7,12 Months,B.Tech CS / IT
Future Com Networks,"NLP, Incident Response","SQL, Linux","Azure, TensorFlow",Database Administration,Pune,7.1,6 Months,B.Tech CS / IT
Future Cyber Group,"JavaScript, TensorFlow","AWS, TensorFlow","React, Incident Response",Mobile App Development,Coimbatore,9.4,2 Months,BCA / MCA
Future Cyber Innovations,"C++, NoSQL","Kubernetes, Network Security","Ethical Hacking, Pandas",Cloud Computing,Lucknow,7.6,4 Months,B.Tech CS / IT
Future Data,"Bash, DevOps","TensorFlow, Docker","Network Security, Mobile Forensics",Software Engineering,Seattle,7.3,6 Months,BCA / MCA
Future Data Innovations,"GCP, SQL","Mobile Forensics, NLP","Incident Response, Scikit-learn",Mobile App Development,Remote,7.5,12 Months,BCA / MCA
Future Dynamics,"Ethical Hacking, DevOps","Data Analysis, Bash","SQL, GCP",Software Engineering,Kolkata,7.3,6 Months,BCA / MCA
Future Focus Infotech Pvt. Ltd,"JavaScript, NoSQL","Node.js, Pandas","Kubernetes, Digital Forensics",Database Administration,Bangalore,6.2,2 Months,B.E. Cloud Computing
Future Group,"AWS, Librosa","Node.js, C++","Digital Forensics, Java",Cloud Computing,Noida,6.5,6 Months,B.Tech CS / IT
Future Inc,"Deep Learning, Bash","NoSQL, Machine Learning","Bash, Pandas",Data Science & AI,Mumbai,8.9,4 Months,B.Sc / M.Sc Data Science
Future Innovations,"Docker, Data Analysis","Node.js, Python","Deep Learning, Scikit-learn",DevOps,Singapore,9.2,2 Months,B.Tech CS / IT
Future Labs,"Digital Forensics, Machine Learning","NoSQL, OpenCV",GCP,Database Administration,Kolkata,6.5,12 Months,Mechanical Engineering
Future Link Solutions,"Librosa, Kubernetes","Digital Forensics, Python","JavaScript, Machine Learning",Cloud Computing,Remote,8,3 Months,B.Tech CS / IT
Future Networks,"Pandas, Docker","AWS, GCP","GCP, DevOps",Database Administration,Remote,8,12 Months,B.Tech CS / IT
Future Security,"PyTorch, Linux","PowerBI, Digital Forensics","Node.js, Data Analysis",Database Administration,Bangalore,8.2,2 Months,B.Tech CS / IT
Future Software,"NLP, Data Analysis","Docker, Digital Forensics","Computer Vision, Node.js",Web Development,Hyderabad,8.7,4 Months,B.Tech Computer Science
Future Software Limited,"Docker, Computer Vision","Cybersecurity, Computer Vision","PyTorch, React",Cloud Computing,Chennai,9.1,2 Months,B.Tech Computer Science
Future Solutions,"Pandas, React","Librosa, Java","PowerBI, Incident Response",Cybersecurity & Forensics,Gurgaon,8.8,12 Months,M.Sc Cyber Forensics
Future Solutions Ventures,"Data Analysis, GCP","Ethical Hacking, Machine Learning","PowerBI, GCP",Database Administration,Bangalore,7.6,12 Months,Mechanical Engineering
Future Space Innovations,"Scikit-learn, Node.js","Bash, Digital Forensics","Machine Learning, Deep Learning",Web Development,Remote,7.4,6 Months,B.Tech Computer Science
Future Space Solutions,"PowerBI, Digital Forensics","Digital Forensics, NLP","AWS, JavaScript",Database Administration,Kolkata,7.4,6 Months,B.E. Cloud Computing
Future Systems,"PowerBI, Cybersecurity","C++, PowerBI","GCP, Bash",Cloud Computing,Seattle,9.3,3 Months,B.E. Cloud Computing
Future Tech,"JavaScript, Linux","PowerBI, Incident Response","Network Security, AWS",Data Science & AI,Pune,6.7,3 Months,B.Tech CS / M.Tech
Future Tech Solutions,"Python, NLP","Scikit-learn, Ethical Hacking","PowerBI, Data Analysis",Data Science & AI,Coimbatore,6.9,9 Months,B.Sc / M.Sc Data Science
Future Technologies,"C++, Node.js","TensorFlow, PowerBI","OpenCV, Deep Learning",Software Engineering,Hyderabad,7.4,6 Months,B.Tech Computer Science
G M Infotech & Systems Pvt Ltd,"Scikit-learn, Cybersecurity","Java, Python","Digital Forensics, AWS",Web Development,Chennai,7.9,6 Months,B.E. Information Technology
Gamma Software Systems Pvt Ltd,Web Development,"Bash, Deep Learning","Pandas, PyTorch",Mobile App Development,Kolkata,8.7,6 Months,B.Tech CS / IT
Ganga Com Solutions,"Bash, Ethical Hacking","Azure, Python","TensorFlow, Python",Cybersecurity & Forensics,Kolkata,6.1,6 Months,B.Tech Cybersecurity
Ganga Consulting Systems,"AWS, Azure","PowerBI, TensorFlow","Ethical Hacking, Data Analysis",Software Engineering,Noida,6.5,4 Months,BCA / MCA
Ganga Cyber Solutions,"Librosa, Java","JavaScript, Scikit-learn","Java, Scikit-learn",Data Science & AI,Remote,9.4,2 Months,B.Sc Statistics / Math
Ganga Data Innovations,"Linux, Java","Bash, Deep Learning","Kubernetes, JavaScript",DevOps,Lucknow,9.2,2 Months,B.E. Cloud Computing
Ganga Data Ventures,"DevOps, NoSQL","Node.js, NoSQL","PyTorch, Scikit-learn",Data Science & AI,Coimbatore,6.1,12 Months,B.Sc Statistics / Math
Ganga Labs Innovations,"C++, Java","NoSQL, NLP","Data Analysis, Librosa",DevOps,Chennai,6.6,2 Months,B.E. Cloud Computing
Ganga Services Enterprises,"OpenCV, Node.js","Computer Vision, Cybersecurity","NoSQL, React",Cybersecurity & Forensics,Remote,9.2,2 Months,M.Sc Cyber Forensics
Ganga Soft Pvt Ltd,"Digital Forensics, Ethical Hacking","PyTorch, TensorFlow","Network Security, Linux",Data Science & AI,Indore,7.4,6 Months,B.Sc Statistics / Math
Ganga Solutions Ventures,"OpenCV, AWS","Data Analysis, Ethical Hacking","Docker, C++",DevOps,Thiruvananthapuram,6.3,4 Months,B.Tech CS / IT
Ganga Web Solutions,"TensorFlow, NLP","Incident Response, C++","GCP, NoSQL",DevOps,Remote,8.9,2 Months,B.Tech CS / IT
Gate2Biz Pvt Ltd,"Data Analysis, Node.js","NoSQL, PowerBI","Cybersecurity, Docker",Software Engineering,New Delhi,8.6,12 Months,B.Tech Computer Science
GATI Intellect Systems Ltd,"Ethical Hacking, Java","Pandas, SQL","Network Security, Data Analysis",Web Development,Secunderabad,7.6,2 Months,B.E. Cloud Computing
Gavs Information Service Pvt. Ltd.,"OpenCV, Scikit-learn","C++, Bash","Python, JavaScript",Database Administration,Chennai,7,4 Months,B.Tech CS / IT
GE Capital Services India,"PowerBI, Cybersecurity","Bash, JavaScript","Azure, Scikit-learn",Cybersecurity & Forensics,Gurgaon,7.2,12 Months,BCA / MCA
Geine Technologies India Pvt Ltd,"Scikit-learn, Cybersecurity","SQL, Digital Forensics","Azure, Computer Vision",Web Development,New Delhi,7.3,4 Months,B.E. Cloud Computing
Genesis Infotech Solutions Pvt. Ltd.,"Computer Vision, SQL","Docker, Python","Docker, C++",Cybersecurity & Forensics,Chennai,7.7,2 Months,B.E. Information Technology
Genisys Integrating Systems (I) Pvt. Ltd.,"Machine Learning, DevOps","AWS, Ethical Hacking","Kubernetes, Scikit-learn",Cybersecurity & Forensics,Bangalore,7.7,2 Months,B.E. Cloud Computing
Genpact India,"TensorFlow, Linux","PyTorch, Incident Response","Network Security, Linux",Cybersecurity & Forensics,Singapore,7.3,3 Months,B.Tech Computer Science
Geodesic Information Systems Ltd.,"Deep Learning, NLP","PyTorch, Computer Vision","Incident Response, Node.js",Data Science & AI,Mumbai,8.8,6 Months,B.E. Cloud Computing
Geometric Software Solutions Company Ltd.,"Pandas, React","Docker, Cybersecurity",Bash,Mobile App Development,Mumbai,9,4 Months,BCA / MCA
Global Automation India (P) Ltd,"Azure, Digital Forensics","Bash, Ethical Hacking","Pandas, Machine Learning",Cybersecurity & Forensics,Bangalore,8.8,6 Months,B.Tech CS / IT
Global Business Technology Services Pvt Ltd,"Bash, Computer Vision","NoSQL, SQL",Incident Response ,Cybersecurity & Forensics,Chennai,7.3,4 Months,BCA / MCA
Global Corp,"Digital Forensics, Python","Cybersecurity, NLP","OpenCV, React",Web Development,Mumbai,6.4,12 Months,BCA / MCA
Global Defense,"Ethical Hacking, Linux","Digital Forensics, JavaScript","C++, Azure",Web Development,San Francisco,6.4,12 Months,B.Tech Computer Science
Global Dialnet Limited,"Linux, Python","Node.js, Docker","Azure, SQL",Cloud Computing,New Delhi,9.3,6 Months,BCA / MCA
Global Groupware Solutions,Web Development,"Node.js, C++","NLP, Java",Software Engineering,Delhi,7.3,2 Months,B.E. Information Technology
Global Infosystems Ltd,"Ethical Hacking, Docker","Cybersecurity, PowerBI","Data Analysis, Python",Software Engineering,New Delhi,8.3,3 Months,B.E. Information Technology
Global IT Services Ltd.,"PowerBI, Incident Response","Docker, Ethical Hacking","Cybersecurity, Java",Cybersecurity & Forensics,Kolkata,8.8,2 Months,M.Sc Cyber Forensics
Global Networks,"Mobile Forensics, Pandas","Incident Response, Kubernetes","Data Analysis, Machine Learning",Database Administration,London,9,3 Months,B.E. Cloud Computing
Global Security,"Data Analysis, Linux","JavaScript, Java","Linux, NLP",Cybersecurity & Forensics,Seattle,6.4,3 Months,B.Tech Cybersecurity
Global Software,"JavaScript, Mobile Forensics","Incident Response, GCP","Azure, Ethical Hacking",Cybersecurity & Forensics,Noida,7.9,9 Months,M.Sc Cyber Forensics
Global Software (I) Pvt Ltd,Web Development,"PowerBI, TensorFlow","Computer Vision, Azure",Cloud Computing,Chennai,8.9,2 Months,B.Tech Computer Science
Global Solutions,"Digital Forensics, NLP","Kubernetes, Mobile Forensics","Computer Vision, Java",Software Engineering,Chennai,8.6,4 Months,B.E. Information Technology
Global Tech,"Python, SQL","Pandas, Computer Vision",Machine Learning,DevOps,Hyderabad,8.4,6 Months,Mechanical Engineering
Global Tech India Pvt. Ltd.,"Data Analysis, Network Security","Machine Learning, NLP","Digital Forensics, Data Analysis",Web Development,Ahmedabad,7.9,3 Months,B.Tech CS / IT
Global Technologies,"SQL, Computer Vision","C++, Linux","Ethical Hacking, TensorFlow",DevOps,San Francisco,6,6 Months,B.Tech CS / IT
Globalsoft Pvt. Ltd.,"DevOps, GCP","Cybersecurity, Node.js","SQL, Ethical Hacking",DevOps,New Delhi,8.7,3 Months,B.Tech CS / IT
Globsyn Technologies Ltd.,"Data Analysis, Network Security","Pandas, NoSQL","Docker, PyTorch",Database Administration,New Delhi,8.2,2 Months,B.Tech Computer Science
Godrej Infotech Ltd,"Scikit-learn, Cybersecurity","Librosa, Pandas","Kubernetes, Python",Database Administration,Mumbai,8.6,12 Months,Mechanical Engineering
Goenka Infotech Limited,"PyTorch, Pandas","Cybersecurity, NLP","Digital Forensics, Node.js",Mobile App Development,Hyderabad,6.1,12 Months,M.Sc Cyber Forensics
Goldstone Technologies Ltd,"SQL, Java","Linux, TensorFlow","Node.js, SQL",Mobile App Development,Secunderabad,8.7,12 Months,B.E. Cloud Computing
Google,"GCP, Cybersecurity","AWS, PyTorch",Librosa,Software Engineering,Gurgaon,7.7,9 Months,BCA / MCA
GrapeCity India Pvt. Ltd.,"Cybersecurity, SQL","Docker, Bash","React, Computer Vision",Software Engineering,New Delhi,7.7,12 Months,B.Tech Computer Science
Growth Compusoft Exports Ltd.,"Mobile Forensics, Cybersecurity","Data Analysis, DevOps","Python, Incident Response",Data Science & AI,Ahmedabad,6.1,2 Months,BCA / MCA
GTL Limited,"Node.js, GCP","AWS, Scikit-learn","React, Incident Response",Web Development,Mumbai,7.5,6 Months,Mechanical Engineering
Gujarat Informatics Limited,"Scikit-learn, TensorFlow","Kubernetes, DevOps","Cybersecurity, PyTorch",Web Development,Gujarat,7.5,12 Months,M.Sc Cyber Forensics
Gujarat Narmada Valley Fertilizer Company,"Computer Vision, SQL","C++, Bash","NLP, C++",DevOps,Ahmedabad,6.5,6 Months,B.E. Information Technology
Gujarat Venture Finance Ltd.,Web Development,"PyTorch, Data Analysis","Ethical Hacking, Pandas",Cybersecurity & Forensics,Ahmedabad,8.6,2 Months,B.Tech CS / M.Tech
Gulf Computers Private Limited,"Cybersecurity, Network Security","DevOps, Kubernetes","AWS, OpenCV",Cybersecurity & Forensics,Mumbai,8.9,12 Months,B.Tech Computer Science
Hamilton Research & Technology Pvt. Ltd.,"AWS, Scikit-learn","Node.js, Azure","AWS, OpenCV",Cloud Computing,Kolkata,7.3,2 Months,M.Sc Cyber Forensics
Hays Document Management Pvt. Ltd.,Web Development,"NLP, DevOps","Cybersecurity, PyTorch",Data Science & AI,Mumbai,7.9,4 Months,Mechanical Engineering
HCC Infotech Ltd,"Scikit-learn, Librosa","NoSQL, OpenCV","Cybersecurity, Azure",DevOps,Mumbai,9.2,2 Months,B.E. Information Technology
HCL,"OpenCV, Pandas","PyTorch, PowerBI",JavaScript,Cloud Computing,Chennai,7.9,2 Months,B.Tech CS / IT
HCL E Serve Technologies Ltd,Web Development,"JavaScript, Network Security","Cybersecurity, Data Analysis",Web Development,Noida,7.6,4 Months,B.Sc Statistics / Math
HCL Infosystems Ltd,"Ethical Hacking, Pandas","Mobile Forensics, PyTorch","JavaScript, Java",Cybersecurity & Forensics,Noida,7.1,12 Months,BCA / MCA
HCL Perot Systems Pvt Ltd,"Java, SQL","Machine Learning, Azure","Scikit-learn, TensorFlow",Web Development,Noida,7.9,4 Months,BCA / MCA
HCL Technologies Ltd,"Digital Forensics, Data Analysis","TensorFlow, Python","Bash, Network Security",DevOps,Noida,7.7,3 Months,B.Sc Information Security
HCLTech,"Machine Learning, Ethical Hacking","Digital Forensics, SQL","Scikit-learn, Node.js",Software Engineering,Indore,7.9,6 Months,BCA / MCA
Healthscribe India Limited,Web Development,"C++, React","Kubernetes, Docker",Data Science & AI,Bangalore,7.8,9 Months,Mechanical Engineering
Hero Corporate Services Ltd,"Computer Vision, SQL","Linux, Incident Response","Data Analysis, Network Security",Database Administration,New Delhi,7.9,12 Months,B.E. Information Technology
Heuristix Systems Pvt Ltd,"Docker, AWS","OpenCV, Mobile Forensics",Kubernetes,Cloud Computing,Bangalore,6.7,9 Months,B.Tech Cybersecurity
Hewlett-Packard (India) Software Operations Pvt Ltd,"Kubernetes, Pandas","Java, Python","TensorFlow, Cybersecurity",Web Development,Bangalore,6,3 Months,B.E. Cloud Computing
Hexaware Technologies,"Deep Learning, Python","C++, JavaScript","DevOps, Ethical Hacking",Web Development,Lucknow,8.2,3 Months,B.Tech Cybersecurity
Hexaware Technologies Limited,Web Development,"TensorFlow, OpenCV","Machine Learning, Cybersecurity",Mobile App Development,Chennai,8.7,12 Months,BCA / MCA
Himalaya AI Pvt Ltd,"Network Security, Kubernetes","NoSQL, TensorFlow","SQL, Data Analysis",Cloud Computing,Hyderabad,8.2,2 Months,B.Tech CS / IT
Himalaya Labs Solutions,"Python, SQL","PowerBI, Deep Learning","C++, AWS",Cloud Computing,Coimbatore,6.8,12 Months,Mechanical Engineering
Himalaya Soft Analytics,"Cybersecurity, Librosa","Pandas, PowerBI","Deep Learning, AWS",Software Engineering,Jaipur,6.8,6 Months,BCA / MCA
Himalaya Space Group,"GCP, React","Scikit-learn, Java","Bash, C++",Data Science & AI,Noida,6.3,12 Months,B.Tech CS / M.Tech
Himalaya Space Ventures,"Deep Learning, Data Analysis","PyTorch, Mobile Forensics","Azure, React",Software Engineering,Remote,9.3,9 Months,B.Tech Computer Science
Himalaya Sys Pvt Ltd,"TensorFlow, GCP","Cybersecurity, PowerBI","PowerBI, Incident Response",Cloud Computing,Remote,7.1,6 Months,Mechanical Engineering
Himalaya Sys Ventures,"Deep Learning, Azure","Java, Scikit-learn","Incident Response, Node.js",Web Development,Bangalore,8.7,9 Months,B.Tech Computer Science
Hinduja TMT Ltd,"Librosa, NLP","C++, React","Mobile Forensics, TensorFlow",Software Engineering,Bangalore,6.2,12 Months,Mechanical Engineering
Hiperworld Cybertech Ltd,"Data Analysis, Librosa","Docker, Kubernetes","Incident Response, PowerBI",DevOps,New Delhi,9.3,6 Months,BCA / MCA
"Hi-Tech Compucare, Tripura","Deep Learning, Bash","PowerBI, Mobile Forensics","PyTorch, NLP",Data Science & AI,Bangalore,7,12 Months,Mechanical Engineering
HMA STARware Ltd,"Linux, Data Analysis","OpenCV, Ethical Hacking","Azure, Data Analysis",Software Engineering,Chennai,6.5,4 Months,B.E. Information Technology
Holool E-Business Pvt Ltd,"Ethical Hacking, Docker","Kubernetes, Librosa",Bash,Cloud Computing,Hyderabad,7,4 Months,Mechanical Engineering
Honeywell India Software Operations Pvt. Ltd.,Web Development,"Mobile Forensics, Bash","Computer Vision, Azure",Data Science & AI,Bangalore,8.2,12 Months,B.E. Information Technology
HOPE Technologies Ltd.,"TensorFlow, Network Security","Deep Learning, GCP","Pandas, C++",DevOps,New Delhi,6.5,6 Months,Mechanical Engineering
House of Code (India) Pvt. Ltd.,"Ethical Hacking, Pandas","Cybersecurity, PowerBI","Bash, Cybersecurity",Database Administration,Mumbai,7.8,9 Months,B.Tech CS / M.Tech
Houston Technologies Ltd,"DevOps, SQL","Librosa, JavaScript","Docker, Cybersecurity",Database Administration,Delhi,7.1,9 Months,B.E. Cloud Computing
HP,"SQL, NLP","Node.js, Network Security",DevOps,Database Administration,Remote,9.5,9 Months,B.Tech CS / IT
HSBC Electronic Data,"Scikit-learn, Cybersecurity","Docker, Cybersecurity","C++, SQL",Mobile App Development,Delhi,6.5,12 Months,BCA / MCA
HTC Software Development Centre,"DevOps, PyTorch","GCP, Node.js",Python,Mobile App Development,Chennai,7.7,12 Months,B.Sc / M.Sc Data Science
Huawei Technologies India Pvt Ltd,"Java, Node.js","PyTorch, Computer Vision","Node.js, Librosa",Database Administration,Bangalore,6.5,3 Months,B.Tech Computer Science
Hughes Software Systems Ltd,Web Development,"Librosa, GCP","AWS, Ethical Hacking",Software Engineering,Gurgaon,9,12 Months,B.E. Information Technology
Human Base India Inc.,"Java, Ethical Hacking","SQL, JavaScript",C++,Software Engineering,Bangalore,7.6,12 Months,B.Tech Computer Science
Hurix Systems Pvt. Ltd.,"TensorFlow, NLP","PyTorch, Azure","PyTorch, AWS",DevOps,Mumbai,9.2,12 Months,B.Sc Statistics / Math
i2 Technologies India Pvt. Ltd.,"Scikit-learn, Cybersecurity","C++, Linux","Machine Learning, Cybersecurity",Web Development,Bangalore,7.4,6 Months,BCA / MCA
IBILT Technologies Ltd,"Pandas, Docker","TensorFlow, OpenCV","PyTorch, SQL",DevOps,New Delhi,7.2,3 Months,B.E. Cloud Computing
IBM,"Java, Digital Forensics","Bash, NLP",Incident Response ,DevOps,Seattle,6.2,12 Months,B.E. Cloud Computing
IBM Global Services IndiaPvt. Ltd.,Web Development,"Digital Forensics, JavaScript","Bash, C++",DevOps,Bangalore,7.4,2 Months,B.Tech Computer Science
IBM India Private Limited,"Bash, Mobile Forensics","OpenCV, React","Node.js, JavaScript",Database Administration,Ahmedabad,7.9,2 Months,B.Tech Cybersecurity
"IBS Software Services (P) Ltd, Trivandrum","AWS, SQL","Librosa, C++","NLP, Deep Learning",Cybersecurity & Forensics,Delhi,9.3,6 Months,B.Sc Statistics / Math
iCelerate Technologies Private Limited,"Scikit-learn, Cybersecurity","C++, Bash","Pandas, C++",Web Development,Bangalore,8.8,6 Months,BCA / MCA
ICICI Infotech Services Ltd.,"Scikit-learn, Cybersecurity","Digital Forensics, SQL","Computer Vision, Java",Cloud Computing,Mumbai,6.4,9 Months,B.Tech Computer Science
ICICI OneSource Limited,"TensorFlow, Computer Vision","JavaScript, Scikit-learn","GCP, PyTorch",Data Science & AI,Mumbai,9.5,6 Months,Mechanical Engineering
Icon Data Management Ltd,"Scikit-learn, Pandas","Librosa, Incident Response",JavaScript,DevOps,Noida,8.6,2 Months,B.Sc / M.Sc Data Science
iCope Technologies Private Limited,"GCP, PyTorch","Pandas, Linux","Incident Response, Kubernetes",Data Science & AI,Bangalore,6.4,3 Months,Mechanical Engineering
IDBI Intech Ltd Navi,"Mobile Forensics, GCP","GCP, SQL","NoSQL, Data Analysis",Software Engineering,Noida,6.9,2 Months,Mechanical Engineering
Ideaspace Solutions Ltd,"DevOps, Kubernetes","Digital Forensics, C++","Docker, Ethical Hacking",Web Development,Hyderabad,6.3,2 Months,BCA / MCA
IDS Infotech Limited,"Computer Vision, Incident Response","Bash, Linux","Azure, Data Analysis",DevOps,Chandigarh,8.7,6 Months,B.Tech CS / IT
i-flex solutions ltd.,Web Development,"Bash, JavaScript","Node.js, Data Analysis",Cybersecurity & Forensics,Mumbai,8.2,3 Months,B.Tech Computer Science
IICE Technologies Ltd,"DevOps, PowerBI","Network Security, Machine Learning","DevOps, OpenCV",Cloud Computing,New Delhi,6.1,4 Months,BCA / MCA
IIS Scientific Computing Ltd,"C++, PowerBI","Incident Response, Deep Learning","Node.js, NLP",Mobile App Development,Mumbai,8.6,2 Months,B.Tech CS / M.Tech
I-Labs Ltd,"PyTorch, Cybersecurity","PyTorch, Azure",Machine Learning,Mobile App Development,Hyderabad,9.3,9 Months,B.Tech CS / M.Tech
ILI Technologies Ltd,"Pandas, React","DevOps, Deep Learning","DevOps, PyTorch",Cybersecurity & Forensics,Bangalore,8.7,12 Months,BCA / MCA
Impetus Infotech (I) Pvt. Ltd.,"Librosa, SQL","C++, Librosa",Azure,Mobile App Development,Indore,6.5,3 Months,B.Sc / M.Sc Data Science
"InApp Information Technologies (I) Pvt Ltd, Trivandrum","Ethical Hacking, Mobile Forensics","JavaScript, Deep Learning",Pandas,Mobile App Development,Bangalore,6.5,12 Months,Mechanical Engineering
iNautix Technologies India Pvt Ltd,"AWS, JavaScript","Cybersecurity, NLP",GCP,Data Science & AI,Chennai,8.7,9 Months,B.Tech Computer Science
Indchem Software Technologies Ltd,Web Development,"SQL, NLP","Docker, Mobile Forensics",Data Science & AI,Chennai,7.8,6 Months,B.E. Cloud Computing
India Education Centre Softwares Limited,"Machine Learning, Ethical Hacking","NoSQL, C++","DevOps, Incident Response",Web Development,New Delhi,6.8,6 Months,Mechanical Engineering
India Software Group  ISG,"NLP, Azure","Ethical Hacking, SQL","NLP, Mobile Forensics",Web Development,Chennai,8.2,9 Months,B.E. Cloud Computing
Indiafindit.com,"Deep Learning, Linux","Docker, Mobile Forensics","DevOps, Python",Database Administration,New Delhi,7.7,2 Months,B.E. Information Technology
Indian Direct Equity Advisors Pvt Ltd,"Librosa, Node.js","GCP, SQL",Bash,Software Engineering,Mumbai,7.8,4 Months,B.E. Cloud Computing
Indo AI Solutions,"TensorFlow, Kubernetes","Machine Learning, DevOps","React, Network Security",Software Engineering,Remote,7.9,2 Months,B.Tech Computer Science
Indo Cloud Enterprises,"PowerBI, Linux","Node.js, Azure","Scikit-learn, Machine Learning",Data Science & AI,Bangalore,8.2,2 Months,B.Sc / M.Sc Data Science
Indo Consulting Labs,"OpenCV, Scikit-learn","Network Security, Incident Response","Docker, GCP",Mobile App Development,Bangalore,8.8,3 Months,B.E. Information Technology
Indo Cyber Analytics,"PyTorch, Network Security","Data Analysis, Python","Network Security, OpenCV",DevOps,Coimbatore,8.2,2 Months,Mechanical Engineering
Indo Cyber Group,"Linux, PowerBI","Incident Response, Network Security","JavaScript, NLP",Software Engineering,Jaipur,8.6,3 Months,BCA / MCA
Indo Labs Ventures,"Deep Learning, GCP","OpenCV, Data Analysis","PowerBI, React",Cybersecurity & Forensics,Indore,7.5,12 Months,M.Sc Cyber Forensics
Indo Net Labs,"DevOps, Azure","Data Analysis, Python","Node.js, NLP",Web Development,Chandigarh,6.3,4 Months,B.Tech Computer Science
Indo Soft Systems,"OpenCV, PyTorch","Cybersecurity, Computer Vision","Computer Vision, TensorFlow",Web Development,Remote,9.5,3 Months,BCA / MCA
Indo Space Limited,"TensorFlow, Linux","DevOps, NoSQL","OpenCV, Librosa",Software Engineering,Remote,6.7,3 Months,B.E. Information Technology
Indo Web Solutions,"AWS, Mobile Forensics","PowerBI, Kubernetes","Node.js, JavaScript",DevOps,Chennai,7.2,3 Months,Mechanical Engineering
Indo-Japan Trade Centre Pvt. Ltd,"Linux, Node.js","Docker, Cybersecurity","Docker, C++",Cloud Computing,New Delhi,7.7,6 Months,BCA / MCA
Indo-Pacific Software & Entertainment Ltd,"AWS, Data Analysis","Data Analysis, Node.js","Linux, NLP",Data Science & AI,Nagpur,6.4,2 Months,B.Tech Computer Science
Indorama Software Solutions Limited,"Bash, Docker","Machine Learning, Librosa","Incident Response, Pandas",DevOps,Mumbai,7.1,3 Months,B.Tech Computer Science
Indus Asuka Software Pvt. Ltd.,"NLP, Mobile Forensics","Azure, Python","Deep Learning, PowerBI",Mobile App Development,Chennai,8.8,4 Months,Mechanical Engineering
Indus Business Systems Ltd.,"Librosa, Digital Forensics","Node.js, React","Cybersecurity, JavaScript",Cloud Computing,Hyderabad,7.6,3 Months,B.Sc Information Security
Indus Software Pvt. Ltd.,"Docker, AWS","Librosa, NoSQL","GCP, NoSQL",Mobile App Development,Pune,7.1,4 Months,B.Tech Computer Science
Induswork Technologies Pvt. Ltd.,"Scikit-learn, Cybersecurity","TensorFlow, PowerBI","Pandas, Scikit-learn",Data Science & AI,Kolkata,6.1,4 Months,B.Sc / M.Sc Data Science
Infinite Computer Solutions (India) Pvt. Ltd.,"DevOps, Computer Vision","GCP, Digital Forensics","NLP, Java",Mobile App Development,New Delhi,6,4 Months,Mechanical Engineering
Info Dimensions Business Enterprise Pvt Ltd,"Scikit-learn, TensorFlow","Computer Vision, PyTorch","Cybersecurity, PyTorch",Web Development,Delhi,6.5,2 Months,B.Tech CS / IT
Info Tech Coropration of Goa Ltd,"Pandas, React","Digital Forensics, Python",Machine Learning,Database Administration,Goa,6.1,6 Months,B.E. Information Technology
Infoedge Solutions Pvt. Ltd,Web Development,"Node.js, Kubernetes",Pandas,Mobile App Development,New Delhi,9.4,6 Months,B.Tech Computer Science
Infogain India (P) Ltd.,"NLP, Cybersecurity","OpenCV, React","Deep Learning, Librosa",DevOps,Noida,8.7,9 Months,Mechanical Engineering
Infolog Solutions (P) Ltd,"C++, Azure","Digital Forensics, Pandas","Digital Forensics, DevOps",Mobile App Development,Bangalore,6.4,2 Months,B.Tech CS / IT
Information Technologies (India) Limited,"Kubernetes, Linux","Python, Java","NoSQL, Python",Mobile App Development,New Delhi,9,4 Months,M.Sc Cyber Forensics
Information Technology Park Ltd.,"SQL, PyTorch","Deep Learning, React",GCP,Mobile App Development,Bangalore,6.7,4 Months,B.Tech CS / IT
Infosys,"NLP, Mobile Forensics","Node.js, C++",Incident Response,Cloud Computing,Pune,8.2,3 Months,Mechanical Engineering
Infosys Limited,"TensorFlow, Cybersecurity","Kubernetes, Bash","JavaScript, Node.js",Cybersecurity & Forensics,Ahmedabad,6.8,6 Months,B.E. Cloud Computing
Infosys Technologies Ltd.,"NLP, Network Security","Node.js, GCP","Java, React",Mobile App Development,Bangalore,6.6,3 Months,Mechanical Engineering
Infotech Enterprises Ltd.,"Scikit-learn, Cybersecurity","Bash, Python","PowerBI, Python",Web Development,Hyderabad,6.8,6 Months,Mechanical Engineering
Infotech Financials Pvt Ltd,"Scikit-learn, Cybersecurity","Machine Learning, GCP","PowerBI, Cybersecurity",Web Development,Mumbai,6.4,3 Months,BCA / MCA
Infotek Software & Systems Pvt Ltd,"Scikit-learn, C++","OpenCV, Deep Learning","SQL, Ethical Hacking",Cybersecurity & Forensics,Pune,6.3,3 Months,M.Sc Cyber Forensics
Infovision Software Pvt. Ltd.,"Network Security, Computer Vision","Digital Forensics, Ethical Hacking","NLP, Incident Response",Data Science & AI,Kolkata,7.7,2 Months,Mechanical Engineering
Infowavz International Pvt. Ltd.,"JavaScript, Computer Vision","DevOps, Java","React, Incident Response",Cybersecurity & Forensics,Mumbai,9.5,4 Months,B.Tech CS / IT
Infozech Software (P) Ltd.,"Incident Response, NoSQL","Java, Pandas","SQL, Java",Mobile App Development,New Delhi,7.1,12 Months,BCA / MCA
InfraSoft Technologies Limited,"OpenCV, TensorFlow","Linux, Digital Forensics","Pandas, Scikit-learn",Data Science & AI,Mumbai,8.8,12 Months,B.Sc Statistics / Math
Ingram Micro India,"Python, Deep Learning","Pandas, SQL","Azure, Mobile Forensics",DevOps,Bangalore,7.1,6 Months,BCA / MCA
Innovate Analytics,"Cybersecurity, C++","C++, Docker","Digital Forensics, NoSQL",Database Administration,Seattle,8.6,3 Months,B.E. Cloud Computing
Innovate Data,"C++, PowerBI","Librosa, C++","Scikit-learn, Mobile Forensics",Database Administration,Hyderabad,7.7,12 Months,B.Tech CS / IT
Innovate Group,"JavaScript, TensorFlow","TensorFlow, OpenCV","Cybersecurity, GCP",Database Administration,Pune,7.1,6 Months,B.Tech CS / IT
Innovate Inc,"Computer Vision, PowerBI","Python, Machine Learning","JavaScript, Cybersecurity",Data Science & AI,Seattle,8.1,3 Months,B.Sc / M.Sc Data Science
Innovate Innovations,"Computer Vision, Ethical Hacking","C++, Python","JavaScript, OpenCV",Software Engineering,Noida,6.5,12 Months,BCA / MCA
Innovate Labs,"Node.js, Machine Learning","PyTorch, Linux","JavaScript, Librosa",DevOps,Remote,9,4 Months,B.E. Cloud Computing
Innovate Solutions,"Machine Learning, DevOps","AWS, Incident Response","Kubernetes, Computer Vision",Web Development,Hyderabad,8.1,2 Months,B.E. Information Technology
Innovate Systems,"Network Security, Computer Vision","Mobile Forensics, Java","Bash, Kubernetes",Software Engineering,Pune,7.4,3 Months,B.E. Information Technology
Innovate Tech,"AWS, Docker","Ethical Hacking, Digital Forensics","Azure, Data Analysis",Data Science & AI,Mumbai,8.8,3 Months,B.Tech CS / M.Tech
Inox Global Services Ltd,"Digital Forensics, Computer Vision","Deep Learning, NLP","Bash, Scikit-learn",Cybersecurity & Forensics,Mumbai,7,3 Months,B.Tech CS / IT
Insoft.com Pvt Ltd,Web Development,"Incident Response, Bash","NoSQL, React",Software Engineering,Chennai,7,4 Months,B.E. Information Technology
Inspira Technologies Pvt. Ltd.,Web Development,"Network Security, Machine Learning","Computer Vision, GCP",Software Engineering,Hyderabad,8.4,6 Months,B.Tech CS / IT
Institute of Chartered,"Kubernetes, Network Security","Deep Learning, Docker","TensorFlow, Python",Mobile App Development,Hyderabad,7.3,4 Months,B.E. Information Technology
Intec Interface GM Pvt Ltd,"Node.js, Cybersecurity","Docker, GCP",Data Analysisr,Web Development,Pune,8.2,9 Months,B.Tech CS / IT
Integra Micro Systems (P) Ltd,"Java, Node.js","Scikit-learn, DevOps","AWS, GCP",Cloud Computing,Hyderabad,7.7,4 Months,B.Tech Computer Science
"Integra Software Services Private Limited, Pondicherry","C++, Node.js","Ethical Hacking, NLP","Librosa, React",Web Development,Pune,7,3 Months,B.E. Cloud Computing
"Integrated Computing Environments Ltd., Trivandrum","Bash, Deep Learning","Computer Vision, TensorFlow","NLP, Java",DevOps,Bangalore,9,3 Months,B.Tech Computer Science
Intel,"Linux, Python","OpenCV, Mobile Forensics",SQL,Software Engineering,Kolkata,9.5,9 Months,B.Tech Computer Science
Intel Asia Electronics Inc.,"Azure, Mobile Forensics","Network Security, OpenCV","Scikit-learn, Computer Vision",Software Engineering,Mumbai,7.3,6 Months,B.Tech CS / IT
Intellicon Pvt Ltd,"OpenCV, JavaScript","Scikit-learn, AWS","Digital Forensics, Node.js",Web Development,Ahmedabad,7.4,2 Months,B.E. Cloud Computing
Intelligent Information Systems Pvt Ltd,"React, Librosa","DevOps, AWS","Deep Learning, NLP",Web Development,Noida,7.9,3 Months,B.E. Cloud Computing
Intelligroup Asia Pvt. Ltd.,"Scikit-learn, Cybersecurity","PowerBI, TensorFlow",Librosa,Web Development,Hyderabad,6.2,6 Months,B.E. Cloud Computing
Intelsys Software & Consultants Pvt. Ltd.,"OpenCV, Pandas","Python, Machine Learning","JavaScript, Linux",Database Administration,Kolkata,7.7,2 Months,B.Tech CS / IT
InteQ Software Limited,"Incident Response, Pandas","PowerBI, Digital Forensics","Incident Response, Scikit-learn",Web Development,Hyderabad,6.7,6 Months,B.Tech Computer Science
Interglobe Technologies Pvt Ltd,"Node.js, Scikit-learn","Java, Pandas","Docker, C++",Web Development,Gurgaon,7.7,4 Months,BCA / MCA
Intergraph Consulting Private Limited,"Digital Forensics, Ethical Hacking","Java, Machine Learning","AWS, SQL",Web Development,Hyderabad,8.4,4 Months,B.E. Cloud Computing
Intermedia Interactive Solutions Ltd,Web Development,"Deep Learning, Machine Learning","SQL, Data Analysis",Software Engineering,Pune,6.2,12 Months,B.Sc / M.Sc Data Science
Internet Trends (India) Pvt Ltd,"JavaScript, Scikit-learn","Pandas, PyTorch","Incident Response, Deep Learning",Cloud Computing,Mumbai,8.8,6 Months,B.Tech Computer Science
Interra Software (India) Pvt. Ltd.,"JavaScript, Mobile Forensics","Ethical Hacking, NLP","Machine Learning, Scikit-learn",Web Development,New Delhi,6.1,4 Months,B.Tech CS / M.Tech
Intertech Resources Ltd,"Deep Learning, Data Analysis","Deep Learning, Machine Learning","Librosa, AWS",Data Science & AI,New Delhi,6.3,12 Months,Mechanical Engineering
Inter-Tech Systems Pvt. Ltd.,"Python, Network Security","NLP, Computer Vision",OpenCV,Cybersecurity & Forensics,Mumbai,7.6,12 Months,B.Sc / M.Sc Data Science
Intiqua India Limited,"Digital Forensics, Python","Ethical Hacking, Scikit-learn","React, PyTorch",Web Development,Delhi,9.1,6 Months,B.E. Cloud Computing
Intrasoft Technologies Pvt. Ltd.,"Docker, Deep Learning","AWS, SQL","Scikit-learn, OpenCV",Cybersecurity & Forensics,Kolkata,7.1,2 Months,Mechanical Engineering
Investment Research & Information Services Ltd,"TensorFlow, Cybersecurity","Java, Machine Learning","Node.js, OpenCV",DevOps,Mumbai,6.7,9 Months,B.Tech Computer Science
IOL Technologies Pvt Ltd,"Network Security, NLP","Digital Forensics, SQL","Machine Learning, TensorFlow",Mobile App Development,New Delhi,8.6,6 Months,B.Tech CS / IT
IonIdea Enterprise Solutions Pvt Ltd,"Java, Node.js","Ethical Hacking, Python","Mobile Forensics, Node.js",Data Science & AI,Bangalore,7.3,9 Months,B.Sc / M.Sc Data Science
IonIdea Interactive Private Limited,"Scikit-learn, Computer Vision","DevOps, Kubernetes","Ethical Hacking, Scikit-learn",Cloud Computing,Bangalore,6.8,12 Months,B.Tech CS / M.Tech
iS3C Consultancy Services Ltd.,"Linux, Data Analysis","Kubernetes, Ethical Hacking",NLP,Cloud Computing,Mumbai,6.4,3 Months,B.Sc Statistics / Math
iSeva Systems Pvt Ltd,Web Development,"AWS, Ethical Hacking",Data Analysisr,Database Administration,Bangalore,9.5,4 Months,B.E. Information Technology
IT Microsystems (India) Ltd,"Bash, Ethical Hacking","Scikit-learn, Python","Network Security, Librosa",DevOps,Mumbai,9,3 Months,B.Tech Computer Science
IT Solutions (India) Pvt. Ltd.,"GCP, Python","React, Deep Learning","Scikit-learn, Bash",Software Engineering,Chennai,6.5,6 Months,B.Tech CS / IT
IT&T Limited,Web Development,"AWS, NLP","PowerBI, Docker",Software Engineering,Noida,9.5,4 Months,B.Tech Cybersecurity
ITC Infotech India Ltd,"Computer Vision, Java","SQL, Cybersecurity","Librosa, Java",Cloud Computing,Kolkata,8.3,4 Months,B.Sc Statistics / Math
iTouchPoint Technologies Private Limited,"PyTorch, Librosa","OpenCV, Mobile Forensics","Bash, C++",DevOps,Bangalore,7,4 Months,B.Tech Computer Science
ITTI Limited,"Data Analysis, Ethical Hacking","Bash, Deep Learning","SQL, NoSQL",Web Development,Bangalore,6.8,9 Months,B.Tech Computer Science
Ivega Corporation,"Node.js, Cybersecurity","Network Security, DevOps","Pandas, NLP",Software Engineering,Bangalore,8.5,3 Months,B.E. Cloud Computing
"IVL India Pvt. Ltd., Trivandrum","C++, JavaScript","Computer Vision, GCP","Python, GCP",Data Science & AI,Bangalore,8.5,3 Months,B.E. Information Technology
IVUS Software Development Centre Pvt. Ltd.,"Bash, Computer Vision","Bash, Machine Learning","Bash, Scikit-learn",Mobile App Development,Hyderabad,7.5,9 Months,B.Tech Computer Science
Jal Com Analytics,"Linux, Node.js","DevOps, Docker","Node.js, Pandas",Data Science & AI,Bhubaneswar,7.8,2 Months,B.Tech CS / M.Tech
Jal Hub Group,"JavaScript, Java","NoSQL, PowerBI","NLP, PowerBI",DevOps,Jaipur,8.8,2 Months,Mechanical Engineering
Jal Hub Labs,"GCP, Mobile Forensics","Computer Vision, Scikit-learn","Machine Learning, PyTorch",DevOps,Coimbatore,8.3,3 Months,B.E. Cloud Computing
Jal Labs Ventures,"Mobile Forensics, React","Pandas, AWS","PyTorch, Network Security",Mobile App Development,Thiruvananthapuram,8.3,12 Months,BCA / MCA
Jal Net Systems,"Azure, Cybersecurity","Digital Forensics, SQL","C++, SQL",Data Science & AI,Remote,9.2,3 Months,B.Sc / M.Sc Data Science
Jal Services Technologies,"Network Security, OpenCV","PowerBI, Java","Linux, Librosa",Cybersecurity & Forensics,Pune,8.9,12 Months,M.Sc Cyber Forensics
Jal Tech Ventures,"Incident Response, Node.js","Azure, Docker","React, Machine Learning",Database Administration,Indore,8.2,6 Months,Mechanical Engineering
Jal Web Group,"TensorFlow, Kubernetes","Librosa, Azure","Computer Vision, Docker",Cloud Computing,Remote,9.1,9 Months,Mechanical Engineering
Jal Web Pvt Ltd,"Incident Response, Java","Network Security, Mobile Forensics","Bash, Deep Learning",Cloud Computing,Coimbatore,7.5,6 Months,B.E. Cloud Computing
Jay Instruments & Systems Pvt Ltd,"Digital Forensics, Network Security","Docker, Python","Pandas, Node.js",Web Development,Mumbai,8.8,9 Months,BCA / MCA
JK Technosoft Ltd,"AWS, SQL","AWS, Scikit-learn",Incident Response,Data Science & AI,New Delhi,7.1,12 Months,Mechanical Engineering
Jopasana Software & Systems Pvt Ltd,Web Development,"Digital Forensics, SQL","Node.js, Data Analysis",Software Engineering,Pune,7.2,4 Months,BCA / MCA
JP Mobile (India) Limited,"Data Analysis, TensorFlow","OpenCV, Java","AWS, Network Security",Cloud Computing,Hyderabad,8.7,12 Months,Mechanical Engineering
JP Morgan Services India Pvt. Ltd.,"Digital Forensics, GCP","Docker, PowerBI","Python, Network Security",Data Science & AI,Mumbai,6.2,4 Months,B.Tech CS / IT
Juno Online Services Development Pvt. Ltd.,Web Development,"Linux, OpenCV","SQL, Deep Learning",Cybersecurity & Forensics,Hyderabad,7.7,6 Months,B.Sc Statistics / Math
Juspay,"Incident Response, NoSQL","Docker, Cybersecurity","PowerBI, Data Analysis",Cybersecurity & Forensics,Bangalore,8.2,6 Months,B.Tech Cybersecurity
Kala Info Solutions,"NLP, Linux","Deep Learning, AWS","NoSQL, Computer Vision",Data Science & AI,Pune,7.7,4 Months,B.Sc / M.Sc Data Science
Kala Sec Networks,"Digital Forensics, SQL","Computer Vision, Mobile Forensics","SQL, NLP",Cloud Computing,Pune,7,6 Months,B.E. Cloud Computing
Kala Sec Technologies,"Kubernetes, PyTorch","Machine Learning, GCP","Deep Learning, Docker",Database Administration,Indore,9.4,2 Months,Mechanical Engineering
Kala Services Enterprises,"JavaScript, Linux","Incident Response, Scikit-learn","Azure, SQL",Cybersecurity & Forensics,Indore,7.1,9 Months,M.Sc Cyber Forensics
Kala Solutions Labs,"Network Security, Docker","Python, NoSQL","Linux, PyTorch",Software Engineering,Remote,9,12 Months,B.E. Information Technology
Kala Sys Systems,"C++, JavaScript","Bash, GCP","DevOps, Ethical Hacking",DevOps,Coimbatore,6.1,3 Months,B.E. Cloud Computing
Kala Tech Innovations,"TensorFlow, Librosa","Cybersecurity, PowerBI","SQL, Incident Response",Data Science & AI,Chennai,7.9,4 Months,B.Sc / M.Sc Data Science
Kale Consultants Pvt. Ltd.,"OpenCV, Scikit-learn","Computer Vision, PowerBI",Pandas,Mobile App Development,Pune,7.9,6 Months,Mechanical Engineering
Kals Information Systems Ltd,"Python, Docker","Computer Vision, Scikit-learn","NoSQL, PyTorch",Web Development,Bangalore,7.9,4 Months,M.Sc Cyber Forensics
Kanbay Software (India) Pvt. Ltd.,"NoSQL, Librosa","C++, React",Librosa,Data Science & AI,Pune,7.8,4 Months,B.E. Cloud Computing
"Kaneriya Technologies Limited, Valsad","SQL, Docker","Python, Network Security","NoSQL, Computer Vision",Cybersecurity & Forensics,Bangalore,8.1,12 Months,BCA / MCA
Karvy Consultants Ltd,"Docker, Computer Vision","Scikit-learn, Network Security",GCP,Database Administration,Hyderabad,8.4,6 Months,Mechanical Engineering
Kaytek Computer Services Pvt. Ltd.,"SQL, Java","Deep Learning, Mobile Forensics","Node.js, React",Data Science & AI,Mumbai,8.4,2 Months,B.E. Cloud Computing
KCC Software Ltd,"Data Analysis, Bash","Docker, NLP","Docker, GCP",Cloud Computing,New Delhi,8.9,9 Months,B.Sc / M.Sc Data Science
Keane India Ltd,"TensorFlow, Incident Response","Node.js, Network Security","Mobile Forensics, Java",DevOps,Noida,8.1,9 Months,B.E. Information Technology
Kejriwal Computers Limited,"Java, Data Analysis","Docker, Linux","TensorFlow, Java",Cloud Computing,Kolkata,7.5,4 Months,BCA / MCA
Kernex Micro Systems (India) Ltd.,"Librosa, Java","PowerBI, Cybersecurity","PowerBI, Docker",Database Administration,Hyderabad,7,4 Months,Mechanical Engineering
Kirloskar Computer Services Ltd.,"Data Analysis, Deep Learning","OpenCV, PyTorch","Machine Learning, Azure",Cybersecurity & Forensics,Bangalore,7.7,4 Months,B.E. Cloud Computing
KLG Systel Ltd.,"AWS, JavaScript","Azure, Python",Kubernetes,Web Development,Gurgaon,6.5,9 Months,B.Tech Computer Science
KMG Infotech Pvt Ltd,"Python, NLP","Kubernetes, Python","JavaScript, Cybersecurity",Data Science & AI,Gurgaon,9.3,12 Months,B.E. Information Technology
KPIT Infosystems Limited.,"Bash, Deep Learning","OpenCV, PyTorch","Network Security, Linux",Database Administration,Pune,8.8,12 Months,B.Tech Computer Science
KPIT Technologies,"Node.js, TensorFlow","Kubernetes, Network Security","Data Analysis, Network Security",Software Engineering,London,7.4,12 Months,B.Tech Computer Science
KPMG India,"NLP, Linux","Kubernetes, GCP","Linux, DevOps",Mobile App Development,London,9,12 Months,B.Sc / M.Sc Data Science
Krupp Industries India Ltd.,"PyTorch, Network Security","Docker, Azure","Azure, Data Analysis",Software Engineering,Pune,8.2,9 Months,B.E. Information Technology
Kurade I - Net Pvt.Ltd,"TensorFlow, Librosa","PowerBI, TensorFlow","Azure, Data Analysis",Cloud Computing,New Delhi,9.5,9 Months,B.E. Information Technology
Labh Software Pvt Ltd,Web Development,"Node.js, C++","JavaScript, Bash",DevOps,Mumbai,7,2 Months,Mechanical Engineering
Lambent Technologies Pvt Ltd,"SQL, Ethical Hacking","AWS, TensorFlow","DevOps, Python",Data Science & AI,Nagpur,8.5,2 Months,B.Sc Statistics / Math
Lanco Global Systems Limited,Web Development,"Deep Learning, AWS","Data Analysis, PowerBI",Database Administration,Hyderabad,9.1,2 Months,B.E. Information Technology
Landmark Infotech Systems & Solutions Pvt Ltd,"Computer Vision, PowerBI","Digital Forensics, AWS",Kubernetes,Cybersecurity & Forensics,Chennai,7.1,4 Months,B.E. Information Technology
Larsen & Toubro Infotech Limited,Web Development,"PowerBI, Data Analysis","SQL, AWS",Mobile App Development,Mumbai,9,12 Months,B.E. Cloud Computing
Laser Soft Infosystems Ltd,"Bash, Pandas","Node.js, Kubernetes","Cybersecurity, Azure",Web Development,Chennai,8.5,12 Months,B.Tech CS / M.Tech
Lateral Software Technology Pvt Ltd,"Digital Forensics, Data Analysis","C++, SQL","Python, React",Software Engineering,Chennai,8.7,2 Months,B.Tech CS / IT
Lawkim Ltd (ITES Division),"Ethical Hacking, Mobile Forensics","Java, Deep Learning","Digital Forensics, Scikit-learn",Cybersecurity & Forensics,Mumbai,7.7,3 Months,B.Tech CS / IT
Lee & Nee Softwares (Exports) Ltd.,"SQL, Librosa","Linux, Pandas",Data Analysis,DevOps,Kolkata,6.9,6 Months,BCA / MCA
Lenovo,"Computer Vision, SQL","Network Security, Azure",JavaScript,DevOps,Bangalore,6.7,3 Months,B.Tech CS / IT
Leo Infotech (P) Ltd.,"C++, NoSQL","PyTorch, Mobile Forensics","GCP, NLP",Data Science & AI,Bangalore,8.8,3 Months,B.Tech CS / M.Tech
LG,"PowerBI, Incident Response","Cybersecurity, AWS",Computer Vision,Mobile App Development,San Francisco,8.9,4 Months,BCA / MCA
LG Soft India Pvt. Ltd.,"PowerBI, Scikit-learn","Librosa, NoSQL","Bash, Scikit-learn",Mobile App Development,Bangalore,8.2,12 Months,Mechanical Engineering
Linc Software Services Pvt. Ltd.,"C++, Azure","Java, Machine Learning","Kubernetes, Digital Forensics",Cloud Computing,Bangalore,6.9,4 Months,Mechanical Engineering
Lipi Infosoft Limited,"Incident Response, TensorFlow","Network Security, Azure","Cybersecurity, Azure",Database Administration,Mumbai,6.7,6 Months,B.Tech CS / IT
Live Tech Solutions (P) Ltd,"SQL, PowerBI","Librosa, Ethical Hacking","NoSQL, Data Analysis",Cloud Computing,Hyderabad,7.6,9 Months,B.E. Cloud Computing
Logica Pvt Ltd,"C++, Docker","Bash, Kubernetes","Node.js, React",Mobile App Development,Bangalore,7.4,3 Months,B.Tech CS / IT
Logicsoft International Pvt Ltd.,"Librosa, Digital Forensics","Scikit-learn, Computer Vision","Pandas, C++",Software Engineering,New Delhi,8.9,2 Months,B.Tech CS / IT
Login Infotech Private,"AWS, Digital Forensics","GCP, Kubernetes","Ethical Hacking, Linux",Database Administration,Delhi,8.4,3 Months,B.Tech CS / IT
LTIMindtree,"JavaScript, DevOps","Data Analysis, DevOps","React, AWS",Web Development,Chennai,9.1,9 Months,B.Tech Cybersecurity
Lucent Technologies India (P) Ltd.,"Machine Learning, Ethical Hacking","DevOps, Kubernetes","PowerBI, Java",Mobile App Development,Bangalore,6.5,6 Months,B.Sc / M.Sc Data Science
Lucid Technologies Pvt. Ltd,"PowerBI, Ethical Hacking","Docker, Mobile Forensics","TensorFlow, React",Web Development,Coimbatore,6.4,2 Months,B.Tech CS / IT
"MA Softech International Ltd, Bhopal","Azure, Pandas","Kubernetes, Cybersecurity","Machine Learning, PyTorch",Web Development,Bangalore,7.7,3 Months,B.Tech Computer Science
Macil Infosystems (Pvt) Ltd,"GCP, Ethical Hacking","Machine Learning, Azure","PowerBI, NoSQL",Cloud Computing,Mumbai,8.6,9 Months,B.Tech CS / IT
Madhu Intra Ltd,"DevOps, AWS","Librosa, Scikit-learn","TensorFlow, Pandas",Cybersecurity & Forensics,Kolkata,6.1,6 Months,BCA / MCA
"Madhya Pradesh Agency for Promotion of Information Technology, Bhopal","Docker, AWS","PowerBI, TensorFlow","Data Analysis, Machine Learning",Database Administration,Mumbai,6.6,3 Months,B.Sc Information Security
"Madhya Pradesh State Electronics Development Corporation Ltd., Bhopal","GCP, React","Deep Learning, NoSQL","Docker, C++",Software Engineering,Kolkata,8.7,3 Months,B.Tech CS / IT
Magic Software Pvt. Ltd.,"Data Analysis, TensorFlow","Kubernetes, Computer Vision","Scikit-learn, Mobile Forensics",Cybersecurity & Forensics,New Delhi,7.1,9 Months,B.E. Cloud Computing
Maharashtra Industrial Development Corporation,"Scikit-learn, Cybersecurity","SQL, Machine Learning","Librosa, SQL",Software Engineering,Mumbai,8.9,12 Months,Mechanical Engineering
Maharashtra Institute of Advance Electronics & Comp Tech (P) Ltd.,Web Development,"Pandas, PowerBI","Librosa, PowerBI",Software Engineering,Mumbai,6.9,3 Months,BCA / MCA
Mahindra British Telecom Ltd.,"GCP, JavaScript","Node.js, Azure","C++, Azure",Mobile App Development,Pune,6.8,3 Months,B.E. Information Technology
Mahindra Consulting Ltd.,Web Development,"Kubernetes, Node.js","Incident Response, C++",DevOps,Mumbai,6.7,12 Months,BCA / MCA
Majoris Systems Pvt. Ltd.,"Python, Docker","Cybersecurity, PowerBI","NoSQL, React",Mobile App Development,Bangalore,6.4,12 Months,B.E. Information Technology
Manjushree Infotech (IT - Divi. Of Manjushree Plantation),"DevOps, Computer Vision","Node.js, Python","DevOps, Python",Cybersecurity & Forensics,Kolkata,9.1,6 Months,BCA / MCA
Marble Infotech Ltd.,Web Development,"React, Ethical Hacking","NLP, Incident Response",Cloud Computing,New Delhi,9.1,9 Months,B.E. Information Technology
MASCON Global Limited,"C++, Docker","Azure, Java","PowerBI, NoSQL",Software Engineering,Chennai,7.6,6 Months,M.Sc Cyber Forensics
Mascot Systems Ltd.,"Linux, DevOps","OpenCV, Ethical Hacking","Ethical Hacking, PowerBI",Cybersecurity & Forensics,Bangalore,7.9,9 Months,B.Sc Statistics / Math
"Masibus Process Instruments (P). Ltd., Gandhinagar","DevOps, AWS","Cybersecurity, Data Analysis","Kubernetes, Docker",Cybersecurity & Forensics,Chennai,6.7,12 Months,B.E. Cloud Computing
Mastek Limited,"Azure, Kubernetes","Cybersecurity, NLP","Network Security, Mobile Forensics",Database Administration,San Francisco,8.1,4 Months,BCA / MCA
MASTEK Ltd.,"Machine Learning, GCP","Azure, Incident Response","Mobile Forensics, Kubernetes",Software Engineering,Mumbai,8.9,12 Months,B.E. Cloud Computing
Max Ateev Limited,"JavaScript, Mobile Forensics","C++, Machine Learning",Pandas,Database Administration,New Delhi,7.3,6 Months,B.Tech Computer Science
McKinsey & Company Inc.,"Network Security, Mobile Forensics","DevOps, Java","JavaScript, Node.js",Data Science & AI,Mumbai,6.4,4 Months,B.E. Cloud Computing
"MECON Limited, Ranchi","Cybersecurity, DevOps","Pandas, AWS",JavaScript,Software Engineering,Delhi,7.3,6 Months,B.E. Information Technology
Medical e-Commerce Solutions Pvt Ltd,"PowerBI, Cybersecurity","DevOps, OpenCV","Ethical Hacking, Linux",DevOps,New Delhi,9,2 Months,B.Tech Cybersecurity
Medicom Solutions (P) Ltd,"Scikit-learn, Cybersecurity","TensorFlow, Computer Vision","Azure, NLP",Web Development,Bangalore,7.4,6 Months,B.E. Information Technology
Meesho,"React, Azure","Digital Forensics, C++",Digital Forensics,Cybersecurity & Forensics,Bangalore,8.2,2 Months,B.E. Information Technology
Megasoft Limited,"Pandas, Python","SQL, Deep Learning",GCP,Cloud Computing,Chennai,7.2,9 Months,B.E. Information Technology
Melstar Information Technologies Ltd,"OpenCV, Pandas","Librosa, GCP","Linux, Node.js",Cybersecurity & Forensics,Mumbai,7.2,6 Months,B.Tech CS / IT
Mentorix Learning Technologies Pvt. Ltd.,"PyTorch, PowerBI","SQL, NLP","Azure, Data Analysis",Database Administration,Mumbai,9.2,12 Months,Mechanical Engineering
Meru Convergent Technologies Pvt Ltd,"Node.js, PowerBI","Computer Vision, Bash","AWS, JavaScript",Data Science & AI,Chennai,7.9,6 Months,B.E. Information Technology
Meta,"PyTorch, Pandas","NLP, PowerBI",Azure,Mobile App Development,Noida,7.1,2 Months,BCA / MCA
Micro Informations Pvt Ltd,Web Development,"Computer Vision, TensorFlow","Librosa, Java",Cloud Computing,Gujarat,6.8,3 Months,BCA / MCA
Micro Technologies (India) Ltd,"SQL, Kubernetes","Data Analysis, Bash","Pandas, DevOps",Database Administration,Mumbai,7.2,6 Months,Mechanical Engineering
Microsoft,"PowerBI, TensorFlow","C++, JavaScript",SQL,Cybersecurity & Forensics,Bangalore,6.4,12 Months,B.Tech Cybersecurity
Microsoft Corporation (I) Ltd.,"NLP, Linux","Data Analysis, Ethical Hacking","React, Network Security",Cybersecurity & Forensics,New Delhi,6.9,3 Months,B.Sc Statistics / Math
Microsoft India,"Node.js, JavaScript","Machine Learning, GCP","PowerBI, TensorFlow",Database Administration,Pune,8.4,9 Months,B.Sc Information Security
Microsoft India (R&D) Pvt. Ltd.,"Linux, DevOps","Deep Learning, Machine Learning","C++, React",DevOps,Hyderabad,7.5,4 Months,M.Sc Cyber Forensics
Milcom Software,"Linux, Computer Vision","Python, Java",Java,Software Engineering,Chennai,7.4,12 Months,B.Tech CS / M.Tech
Millenium Information Systems Limited,"Scikit-learn, Cybersecurity","Network Security, AWS","Scikit-learn, Mobile Forensics",Mobile App Development,Kolkata,9.3,6 Months,BCA / MCA
Mindmill Software Ltd,"Java, Data Analysis","PyTorch, Data Analysis","OpenCV, Scikit-learn",Database Administration,New Delhi,6.9,6 Months,B.Tech Cybersecurity
Mindteck (India) Ltd,"NLP, SQL","DevOps, OpenCV","Ethical Hacking, TensorFlow",Cybersecurity & Forensics,Bangalore,7.3,6 Months,B.Tech Computer Science
MindTree Consulting Pvt.,"Scikit-learn, Cybersecurity","Data Analysis, NoSQL","C++, Kubernetes",Cloud Computing,Bangalore,6.4,9 Months,Mechanical Engineering
Mindtree Limited,"Network Security, Mobile Forensics","Digital Forensics, JavaScript","NoSQL, PyTorch",Data Science & AI,Seattle,7.4,12 Months,BCA / MCA
Minerva Telelink Pvt.Ltd.,"Python, Deep Learning","Librosa, Digital Forensics","Pandas, AWS",Web Development,New Delhi,8,3 Months,Mechanical Engineering
"Mizoram Information Technology Society, Aizawl","Pandas, AWS","Librosa, Digital Forensics","Azure, React",Mobile App Development,Delhi,7.1,4 Months,BCA / MCA
ML Infomap Pvt. Ltd.,"Network Security, TensorFlow","Network Security, DevOps","Data Analysis, Librosa",Database Administration,New Delhi,7.3,6 Months,B.Sc / M.Sc Data Science
Momentum India Private Limited,"Ethical Hacking, Data Analysis","Scikit-learn, AWS","C++, OpenCV",Cybersecurity & Forensics,Noida,8.2,6 Months,B.E. Cloud Computing
Motech Software Pvt Ltd,"NLP, Linux","Docker, PowerBI","Digital Forensics, Node.js",Web Development,Mumbai,7.2,12 Months,B.E. Cloud Computing
Motorola India Electronics Private Ltd.,"AWS, Azure","TensorFlow, Pandas","PyTorch, C++",Cloud Computing,Bangalore,7.8,4 Months,B.Tech Computer Science
Mphasis BFL Ltd.,"Python, GCP","C++, Docker","Pandas, Cybersecurity",Cloud Computing,Mumbai,8.4,4 Months,B.E. Information Technology
Mphasis Limited,"C++, NoSQL","SQL, Machine Learning","DevOps, Librosa",Cloud Computing,Bhubaneswar,6.4,2 Months,B.Sc / M.Sc Data Science
MTC (India) Pvt. Ltd.,"DevOps, Docker","Scikit-learn, Network Security",JavaScript,Mobile App Development,Noida,6.5,2 Months,BCA / MCA
Mukesh & Associates,"Network Security, TensorFlow","Node.js, NoSQL","Computer Vision, Bash",Cloud Computing,Tamil Nadu,9.2,4 Months,Mechanical Engineering
Myntra,"React, Linux","Docker, Cybersecurity","NoSQL, JavaScript",Software Engineering,Mumbai,6.4,3 Months,B.Tech Computer Science
N Y Dox Services Ltd,"Kubernetes, PowerBI","Pandas, Scikit-learn","TensorFlow, Network Security",Software Engineering,New Delhi,6.7,3 Months,Mechanical Engineering
National Institute of Fashion Technology,"Kubernetes, Network Security","Deep Learning, Azure","Kubernetes, Docker",Mobile App Development,New Delhi,8.2,2 Months,B.Sc Information Security
NatureSoft Private Limited,"AWS, JavaScript","SQL, Azure","DevOps, Linux",Software Engineering,Chennai,6.5,2 Months,B.Sc Statistics / Math
Navayuga Infotech Pvt. Ltd.,"Librosa, Node.js","Machine Learning, Docker","React, Bash",DevOps,Hyderabad,6.5,6 Months,B.Tech CS / IT
Navision Software India Pvt Ltd,"Linux, PowerBI","Linux, OpenCV",Cybersecurity,Mobile App Development,Gurgaon,8.4,3 Months,M.Sc Cyber Forensics
Neco Infotech,Web Development,"Incident Response, GCP","Data Analysis, JavaScript",Mobile App Development,Nagpur,7,9 Months,B.E. Information Technology
NeilSoft Limited,"Bash, Computer Vision","Java, Scikit-learn","DevOps, Node.js",Web Development,Pune,6.9,3 Months,B.Tech CS / IT
Nelco Limited,"Librosa, Kubernetes","C++, JavaScript","Azure, Data Analysis",Software Engineering,Mumbai,7.5,2 Months,Mechanical Engineering
Nelito Systems Limited,"PowerBI, Linux","Scikit-learn, AWS","Scikit-learn, Mobile Forensics",Cybersecurity & Forensics,Mumbai,7.3,4 Months,B.E. Cloud Computing
Neptune Information,"Computer Vision, AWS","AWS, PyTorch","NLP, TensorFlow",Data Science & AI,Mumbai,6.3,2 Months,B.E. Cloud Computing
Net Brahma Technologies Pvt Ltd,"JavaScript, TensorFlow","Docker, Cybersecurity",Kubernetes,Web Development,Bangalore,7,6 Months,B.E. Cloud Computing
Net Edge Computing Solutions Pvt Ltd,"Cybersecurity, Network Security","Node.js, Network Security",Librosa,Database Administration,New Delhi,8,4 Months,B.E. Information Technology
Net Solutions,"Linux, Data Analysis","DevOps, Cybersecurity",GCP,Software Engineering,Chandigarh,6.3,4 Months,B.Tech CS / IT
Net4India Ltd,"Scikit-learn, Cybersecurity","Ethical Hacking, TensorFlow","Cybersecurity, JavaScript",Database Administration,New Delhi,8.6,12 Months,B.Tech CS / M.Tech
Netaquila Solutions Pvt Ltd,"Linux, DevOps","PowerBI, Cybersecurity",Azure,Cybersecurity & Forensics,New Delhi,8.4,3 Months,B.Tech Computer Science
NetBusiness Solutions (India) Ltd.,"SQL, Ethical Hacking","C++, Bash","SQL, NoSQL",Cybersecurity & Forensics,Mumbai,8.3,12 Months,B.Tech CS / IT
Netdecisions Pvt Ltd,"JavaScript, Mobile Forensics","Docker, Azure","GCP, Bash",Web Development,Visakhapatnam,7.6,6 Months,Mechanical Engineering
Netflix,"Deep Learning, DevOps","DevOps, JavaScript",Librosa,Mobile App Development,Kolkata,6.4,6 Months,B.E. Information Technology
Netkraft Private Limited,Web Development,"Scikit-learn, Java","Librosa, Mobile Forensics",Web Development,Bangalore,7.7,6 Months,B.Tech Cybersecurity
NetraScribe Pvt. Ltd.,Web Development,"PowerBI, OpenCV","Deep Learning, Librosa",Web Development,Chennai,7.8,12 Months,Mechanical Engineering
Network Associates Software Pte Ltd,"TensorFlow, OpenCV","Digital Forensics, C++","Linux, Machine Learning",Software Engineering,Mumbai,8.5,12 Months,BCA / MCA
"Network Programs (India) Ltd., Noida (UP)","Deep Learning, Java","Cybersecurity, NoSQL","PowerBI, GCP",Database Administration,Chennai,7.2,6 Months,B.E. Cloud Computing
"Network Systems & Technologies (P) Ltd., Trivandrum","Scikit-learn, Cybersecurity","Node.js, TensorFlow","Digital Forensics, Bash",DevOps,Mumbai,7.7,9 Months,BCA / MCA
Neural Consulting,"PyTorch, React","Python, Scikit-learn","PowerBI, Cybersecurity",Data Science & AI,San Francisco,8.7,3 Months,B.Sc Statistics / Math
Neural Corp,"TensorFlow, OpenCV","Librosa, Pandas","Bash, C++",Software Engineering,Mumbai,7.9,12 Months,B.E. Information Technology
Neural Data,"DevOps, PowerBI","Digital Forensics, Node.js","Incident Response, C++",Mobile App Development,Pune,7.8,12 Months,B.E. Information Technology
Neural Defense,"Network Security, Computer Vision","React, Cybersecurity","Azure, Data Analysis",Database Administration,Bangalore,7,12 Months,B.E. Cloud Computing
Neural Dynamics,"OpenCV, Machine Learning","Machine Learning, NLP","Linux, Computer Vision",Web Development,Bangalore,9.3,6 Months,BCA / MCA
Neural Labs,"AWS, Mobile Forensics","Azure, JavaScript","Kubernetes, Ethical Hacking",Cloud Computing,Chennai,8.8,9 Months,Mechanical Engineering
Neural Networks,"SQL, Librosa","Bash, SQL",PowerBI,Database Administration,Bangalore,7.6,2 Months,B.E. Cloud Computing
Neural Security,"Ethical Hacking, JavaScript","TensorFlow, Azure","NoSQL, Python",Web Development,San Francisco,6.3,3 Months,B.Tech Computer Science
Neural Solutions,"Computer Vision, SQL","PyTorch, NoSQL","Node.js, TensorFlow",Cybersecurity & Forensics,Bangalore,8.9,3 Months,M.Sc Cyber Forensics
Neural Tech,"NLP, Scikit-learn","Mobile Forensics, NoSQL","Pandas, Docker",Cloud Computing,Remote,7.4,12 Months,B.Tech CS / IT
Neural Technologies,"Incident Response, Pandas","Bash, JavaScript","Digital Forensics, Deep Learning",Cloud Computing,Noida,9.3,6 Months,B.E. Cloud Computing
Newgen Imaging Systems (P) Ltd.,"Data Analysis, Linux","PowerBI, Scikit-learn","Network Security, Kubernetes",Data Science & AI,Chennai,7,2 Months,B.Tech Computer Science
Newgen Software Technologies,"TensorFlow, Network Security","Node.js, Kubernetes",Machine Learning,Cybersecurity & Forensics,Delhi,9.1,3 Months,B.Sc / M.Sc Data Science
Newgen Software Technologies Ltd.,"Scikit-learn, Librosa","Digital Forensics, Python","Kubernetes, Computer Vision",Web Development,New Delhi,7.8,4 Months,Mechanical Engineering
NexGenix (India) Pvt Ltd,"DevOps, Computer Vision","PowerBI, Cybersecurity","Machine Learning, JavaScript",Cloud Computing,Mumbai,7.7,2 Months,B.Tech Cybersecurity
Next Cloud Limited,"Librosa, Kubernetes","Java, Data Analysis","GCP, OpenCV",Cybersecurity & Forensics,Noida,9.5,3 Months,B.Tech Cybersecurity
Next Com Ventures,"Bash, Pandas","Python, Docker","Data Analysis, Network Security",Cybersecurity & Forensics,Delhi,8.7,9 Months,B.Tech Cybersecurity
Next Services Ventures,"Kubernetes, JavaScript","Data Analysis, Network Security","Node.js, SQL",Mobile App Development,Remote,6.6,9 Months,B.E. Information Technology
Next Sys Pvt Ltd,"Ethical Hacking, Librosa","NLP, Ethical Hacking","NoSQL, Python",Mobile App Development,Indore,6.4,12 Months,B.Tech Computer Science
Next Web Analytics,"Ethical Hacking, Node.js","Digital Forensics, DevOps","Kubernetes, DevOps",Cybersecurity & Forensics,Remote,8.7,4 Months,B.Sc Information Security
Next Web Solutions,"Docker, Network Security","Java, Deep Learning","OpenCV, Ethical Hacking",Software Engineering,Bhubaneswar,7.6,12 Months,B.E. Information Technology
NextBrick Solutions Limited,"Deep Learning, Linux","Digital Forensics, C++","DevOps, Linux",Cloud Computing,New Delhi,6,6 Months,B.E. Cloud Computing
NextGen Analytics,"Machine Learning, Data Analysis","Digital Forensics, Ethical Hacking","AWS, NLP",Database Administration,Hyderabad,6.8,9 Months,B.Tech CS / IT
NextGen Consulting,"Scikit-learn, C++","Ethical Hacking, PowerBI",Librosa,Web Development,Bangalore,7.1,4 Months,B.Tech Computer Science
NextGen Corp,"TensorFlow, Java","AWS, Scikit-learn","DevOps, Deep Learning",Cloud Computing,Remote,8.7,9 Months,B.E. Cloud Computing
NextGen Data,"Azure, PyTorch","Network Security, Pandas",Cybersecurity,Software Engineering,Singapore,6.3,6 Months,BCA / MCA
NextGen Defense,"GCP, DevOps","PyTorch, Data Analysis","Data Analysis, Python",Cloud Computing,Noida,7.2,3 Months,Mechanical Engineering
NextGen Dynamics,"PowerBI, Pandas","Network Security, Deep Learning","Kubernetes, OpenCV",DevOps,Kolkata,8.3,2 Months,B.Tech CS / IT
NextGen Innovations,"Cybersecurity, Network Security","Linux, TensorFlow","AWS, Linux",DevOps,Pune,7.7,3 Months,Mechanical Engineering
NextGen Networks,"Deep Learning, Machine Learning","AWS, Machine Learning","Kubernetes, PyTorch",Software Engineering,London,9,2 Months,B.E. Information Technology
NextGen Software,"DevOps, AWS","Deep Learning, NLP","Data Analysis, Digital Forensics",Mobile App Development,Gurgaon,8.2,2 Months,B.E. Information Technology
NextGen Solutions,"Mobile Forensics, SQL","TensorFlow, Ethical Hacking","SQL, Java",Cybersecurity & Forensics,Pune,7,4 Months,B.Sc Information Security
NextGen Systems,"Node.js, Python","Data Analysis, Node.js",OpenCV,DevOps,Hyderabad,9.4,3 Months,B.E. Cloud Computing
NextStep Infotech Pvt Ltd,"Ethical Hacking, Deep Learning","Kubernetes, Mobile Forensics","JavaScript, Linux",Web Development,Pune,7.6,12 Months,M.Sc Cyber Forensics
Nexus AI Networks,"AWS, C++","Mobile Forensics, NoSQL","Kubernetes, Digital Forensics",Software Engineering,Chennai,6.5,12 Months,B.Tech Computer Science
Nexus Analytics,"Python, Pandas","React, Ethical Hacking","Librosa, SQL",Cybersecurity & Forensics,Singapore,8.9,2 Months,M.Sc Cyber Forensics
Nexus App Enterprises,"Machine Learning, Linux","Data Analysis, C++","Pandas, NLP",Cybersecurity & Forensics,Kolkata,6.9,4 Months,B.Sc Information Security
Nexus Consulting,"Network Security, Linux","Cybersecurity, NLP","Bash, GCP",Software Engineering,Pune,9,12 Months,B.E. Information Technology
Nexus Corp,"Node.js, JavaScript","NLP, OpenCV","Network Security, Mobile Forensics",Cloud Computing,San Francisco,7.8,6 Months,Mechanical Engineering
Nexus Data,"Java, Ethical Hacking","Kubernetes, Ethical Hacking","Network Security, Data Analysis",Software Engineering,Gurgaon,8.7,3 Months,B.Tech Computer Science
Nexus Data Enterprises,"Deep Learning, Librosa","DevOps, Computer Vision","TensorFlow, React",DevOps,Chennai,8.8,4 Months,B.Tech CS / IT
Nexus Defense,"Java, Data Analysis","TensorFlow, Linux","Librosa, AWS",Mobile App Development,Singapore,6.6,3 Months,B.E. Information Technology
Nexus Dynamics,"Scikit-learn, Bash","Python, GCP","Cybersecurity, NLP",Software Engineering,Kolkata,8.8,3 Months,B.Tech Computer Science
Nexus Group,"NoSQL, Librosa","SQL, PowerBI","AWS, Azure",Cloud Computing,Mumbai,7.8,3 Months,B.Tech CS / IT
Nexus Hub Limited,"DevOps, Computer Vision","Ethical Hacking, Node.js","Digital Forensics, AWS",Web Development,Hyderabad,7.7,12 Months,B.E. Information Technology
Nexus Info Innovations,"C++, Docker","OpenCV, React","Bash, AWS",Cybersecurity & Forensics,Kolkata,8,4 Months,BCA / MCA
Nexus Info Limited,"PyTorch, Linux","SQL, TensorFlow","C++, JavaScript",DevOps,Kochi,8.4,4 Months,B.E. Cloud Computing
Nexus Link Innovations,"TensorFlow, Digital Forensics","Network Security, SQL","React, GCP",Cybersecurity & Forensics,Remote,7.6,4 Months,M.Sc Cyber Forensics
Nexus Net Networks,"Scikit-learn, Network Security","Cybersecurity, Node.js","NLP, Mobile Forensics",Data Science & AI,Remote,8.5,12 Months,B.Sc / M.Sc Data Science
Nexus Net Systems,"Azure, SQL","Incident Response, Scikit-learn","NLP, TensorFlow",Web Development,Remote,7.3,9 Months,B.E. Information Technology
Nexus Security,"Data Analysis, PowerBI","Node.js, Azure","NoSQL, Mobile Forensics",Web Development,Gurgaon,6.2,12 Months,BCA / MCA
Nexus Services Innovations,"Deep Learning, Java","Docker, JavaScript","C++, Kubernetes",Cloud Computing,Thiruvananthapuram,7.8,3 Months,B.E. Cloud Computing
Nexus Services Limited,"NLP, Cybersecurity","SQL, Azure","Deep Learning, PowerBI",Software Engineering,Delhi,7.2,4 Months,B.Tech Computer Science
Nexus Software,"Java, PowerBI","TensorFlow, Computer Vision","Node.js, OpenCV",Mobile App Development,Gurgaon,6.7,4 Months,B.Tech Computer Science
Nexus Solutions,"Computer Vision, Machine Learning","PowerBI, Linux","Digital Forensics, Node.js",Database Administration,Noida,8,12 Months,B.E. Cloud Computing
Nexus Solutions Ventures,"AWS, Node.js","Scikit-learn, React","Machine Learning, Data Analysis",Data Science & AI,Remote,8.9,6 Months,B.Tech CS / M.Tech
Nexus Systems,"SQL, PyTorch","C++, React","Incident Response, Node.js",Software Engineering,Noida,7.2,3 Months,B.E. Information Technology
Nexus Technologies,"Data Analysis, Ethical Hacking","PyTorch, Java","Python, SQL",Web Development,London,7.3,2 Months,BCA / MCA
Nihilent Technologies Pvt Ltd,"Pandas, Python","Kubernetes, Bash","TensorFlow, Python",Database Administration,Pune,7.6,12 Months,B.Tech Computer Science
NIIT Ltd.,Web Development,"DevOps, OpenCV","Data Analysis, Network Security",Web Development,New Delhi,9.3,6 Months,B.E. Information Technology
Nilgiri App Labs,"Machine Learning, Mobile Forensics","Cybersecurity, Java","Bash, Kubernetes",Web Development,Remote,6.3,3 Months,B.E. Information Technology
Nilgiri Com Group,"NLP, Incident Response","Machine Learning, DevOps","Digital Forensics, Node.js",Web Development,Remote,7.9,3 Months,B.Tech Computer Science
Nilgiri Labs Enterprises,"React, Librosa","Digital Forensics, AWS","Deep Learning, PyTorch",Cybersecurity & Forensics,Pune,6.5,6 Months,M.Sc Cyber Forensics
Nilgiri Space Technologies,"Computer Vision, Network Security","Java, Machine Learning","NoSQL, Azure",Web Development,Remote,6.3,9 Months,B.E. Information Technology
Nilgiri Web Pvt Ltd,"Machine Learning, PyTorch","PowerBI, Mobile Forensics","Librosa, React",Cloud Computing,Mumbai,7.5,4 Months,B.E. Cloud Computing
Nilgiri Works Technologies,"NLP, Data Analysis","Deep Learning, PowerBI","Bash, Scikit-learn",Mobile App Development,Hyderabad,8.4,3 Months,B.Tech Computer Science
Nirman Consulting Solutions,"C++, OpenCV","Scikit-learn, AWS","SQL, AWS",Data Science & AI,Pune,8.4,2 Months,B.Sc / M.Sc Data Science
Nirman Hub Innovations,"Deep Learning, Node.js","Network Security, Bash","NLP, Java",Web Development,Kolkata,6.2,4 Months,BCA / MCA
Nirman Info Group,"NoSQL, DevOps","Node.js, Docker","C++, NLP",Cloud Computing,Ahmedabad,6.1,4 Months,Mechanical Engineering
Nirman Services Enterprises,"JavaScript, Deep Learning","Machine Learning, Bash","Scikit-learn, Ethical Hacking",Cybersecurity & Forensics,Bangalore,9.1,6 Months,BCA / MCA
Nirman Space Enterprises,"GCP, NLP","PyTorch, Incident Response","Pandas, PyTorch",Cloud Computing,Chennai,8.9,4 Months,Mechanical Engineering
Nirman Tech Analytics,"Digital Forensics, Data Analysis","PowerBI, Data Analysis","PyTorch, SQL",Cloud Computing,Gurgaon,6.1,12 Months,Mechanical Engineering
Nirman Tech Group,"Pandas, GCP","Bash, Computer Vision","NoSQL, DevOps",Software Engineering,Ahmedabad,8.3,4 Months,BCA / MCA
Nirman Tech Solutions,"Pandas, Deep Learning","Librosa, Bash","Scikit-learn, Ethical Hacking",Cybersecurity & Forensics,Gurgaon,6.1,4 Months,B.Tech Cybersecurity
Nokia Telecommunications Pvt. Ltd.,"JavaScript, DevOps","PyTorch, Node.js","Cybersecurity, Azure",Database Administration,New Delhi,6.1,12 Months,B.Tech Cybersecurity
Novell Software Development (I) Ltd.,"Python, SQL","Docker, Cybersecurity","Computer Vision, Docker",Cloud Computing,Bangalore,6.1,9 Months,B.Tech Computer Science
Novellus Systems (India) Pvt Ltd,"Docker, Java","PyTorch, Azure","PowerBI, PyTorch",DevOps,Bangalore,6.5,4 Months,B.Tech CS / M.Tech
NSE.IT Ltd.,"Computer Vision, NLP","TensorFlow, Ethical Hacking","PyTorch, Azure",DevOps,Mumbai,8.8,4 Months,B.Tech CS / IT
Nucleus Software,"Data Analysis, TensorFlow","Network Security, DevOps","Machine Learning, Network Security",Data Science & AI,Noida,9.4,6 Months,B.Tech Computer Science
Nucleus Software Exports Pvt. Ltd.,"JavaScript, Computer Vision","DevOps, Scikit-learn","Node.js, React",DevOps,New Delhi,8.7,12 Months,B.Sc / M.Sc Data Science
NuMark Software Pvt. Ltd.,"Mobile Forensics, Ethical Hacking","NoSQL, C++","C++, PyTorch",Database Administration,Bangalore,6.4,9 Months,B.E. Cloud Computing
Numen Technologies Pvt Ltd,"Deep Learning, OpenCV","GCP, Librosa","NLP, Azure",DevOps,Ahmedabad,6.4,9 Months,B.Sc Information Security
Nunet Technologies Pvt. Ltd.,"PowerBI, Pandas","JavaScript, Kubernetes","JavaScript, Linux",Cloud Computing,Vishakapatnam,6.9,6 Months,B.Tech Computer Science
Nvidia,"Mobile Forensics, Python","NoSQL, Docker",GCP,Mobile App Development,Kolkata,8.6,3 Months,B.E. Information Technology
OCL Infomatics Ltd.,"Cybersecurity, Network Security","Linux, Machine Learning","Node.js, Pandas",Software Engineering,Cochin,8.2,3 Months,B.Tech Cybersecurity
Ola Electric,"Scikit-learn, Cybersecurity","Data Analysis, DevOps","PyTorch, Java",Web Development,Indore,8.7,6 Months,B.Tech Computer Science
Omega Interactive Technologies Ltd.,"Computer Vision, PowerBI","C++, JavaScript","NoSQL, Azure",Database Administration,Mumbai,9.4,2 Months,BCA / MCA
Omega Net India (P) Ltd,"C++, Bash","Digital Forensics, Pandas","Incident Response, Linux",Cloud Computing,New Delhi,7.8,9 Months,Mechanical Engineering
Omnesys Technologies Pvt Ltd Specialisation: Location:,Web Development,"Cybersecurity, Node.js","Computer Vision, Java",Web Development,Mumbai,8.3,4 Months,BCA / MCA
one two three india.com,"Computer Vision, DevOps","Digital Forensics, DevOps",Bash,Data Science & AI,Mumbai,8.6,4 Months,B.E. Cloud Computing
ONICRA Credit Rating Agency of India Ltd,"Deep Learning, Machine Learning","Node.js, React","AWS, Cybersecurity",Web Development,New Delhi,6.9,2 Months,Mechanical Engineering
Onward Novell Software (I) Ltd.,"Linux, Docker","Kubernetes, Cybersecurity","TensorFlow, Cybersecurity",Cloud Computing,Mumbai,6.6,2 Months,Mechanical Engineering
Onward Technologies Limited,"Digital Forensics, PowerBI","Pandas, Incident Response","Cybersecurity, PyTorch",Cloud Computing,Mumbai,8.6,12 Months,B.E. Cloud Computing
Opusasia Technologies Pvt. Ltd,"Librosa, React","Network Security, DevOps","NLP, Docker",Database Administration,Hyderabad,6.7,4 Months,B.E. Cloud Computing
Oracle,"Cybersecurity, Librosa","Incident Response, Linux",DevOps,Cloud Computing,Remote,7.1,6 Months,B.E. Cloud Computing
Oracle India Private Limited,"Docker, Java","Bash, Deep Learning","Node.js, React",Web Development,Seattle,6.7,6 Months,B.Tech CS / IT
Oracle India Private Limited.,"GCP, JavaScript","Network Security, Pandas","NoSQL, Pandas",Web Development,Hyderabad,8.6,6 Months,B.E. Cloud Computing
Oracle Solution Services (India) Pvt Ltd,"AWS, React","Java, Docker","Bash, Azure",Data Science & AI,Bangalore,7.8,3 Months,B.Tech Computer Science
Oramasters Software India Pvt Ltd,"Python, Linux","Java, Data Analysis","Python, JavaScript",Cloud Computing,Hyderabad,8,9 Months,B.Tech Computer Science
OrbiTech Solutions Limited,"GCP, NLP","SQL, Azure","OpenCV, Node.js",DevOps,Mumbai,6.7,2 Months,B.E. Information Technology
Orient Information Technology Ltd.,"Docker, Data Analysis","PowerBI, TensorFlow",JavaScript,Database Administration,Mumbai,9,3 Months,B.E. Cloud Computing
Oyster Software Solutions,"Scikit-learn, Node.js","Computer Vision, GCP","Machine Learning, Docker",Database Administration,New Delhi,7.6,12 Months,B.Tech Computer Science
Paharpur Business Centre,"PyTorch, React","NoSQL, Network Security","PyTorch, Scikit-learn",Cybersecurity & Forensics,New Delhi,6.1,4 Months,B.Tech Computer Science
"Paladion Networks Pvt Ltd, Navi","Network Security, Mobile Forensics","NoSQL, Java","Bash, Network Security",Cybersecurity & Forensics,Delhi,9.1,3 Months,B.E. Cloud Computing
Palantir,"Machine Learning, PyTorch","Scikit-learn, Java",NoSQL,DevOps,Mumbai,7.7,4 Months,B.E. Cloud Computing
Palo Alto Networks,"Azure, Deep Learning","Librosa, TensorFlow",Scikit-learn,Web Development,London,8.9,2 Months,B.E. Information Technology
Pan Business Lists Pvt Ltd,"Scikit-learn, AWS","NoSQL, Linux","AWS, Ethical Hacking",Web Development,New Delhi,8.7,6 Months,Mechanical Engineering
Panasonic,"Java, PowerBI","SQL, Deep Learning",DevOps,Cloud Computing,Noida,8.3,2 Months,Mechanical Engineering
PAR Computer Sciences (Intl.) Ltd.,"C++, NoSQL","Scikit-learn, Java","PowerBI, TensorFlow",Software Engineering,Mumbai,8.8,6 Months,B.Tech Computer Science
Parabola Technologies Pvt. Ltd,"Data Analysis, Linux","Pandas, C++","SQL, AWS",Data Science & AI,Mumbai,6.5,3 Months,B.E. Cloud Computing
Paragon Solutions (I) Pvt. Ltd.,"Librosa, NLP","NoSQL, NLP","Bash, Java",DevOps,Bangalore,7.7,6 Months,BCA / MCA
Parametric Technology Research & Development (India) Limited,"React, SQL","TensorFlow, Azure","Network Security, AWS",DevOps,Pune,9.1,3 Months,M.Sc Cyber Forensics
Paramount Informatics (India) Pvt. Ltd.,"Docker, Linux","DevOps, Kubernetes",GCP,Web Development,Chennai,7.9,3 Months,Mechanical Engineering
Parsec Technologies (India) Ltd.,"AWS, Data Analysis","Network Security, Linux","C++, AWS",DevOps,Gurgaon,8.9,6 Months,B.Sc Statistics / Math
Patni Computer Systems Ltd.,"PowerBI, Cybersecurity","Digital Forensics, NLP","React, AWS",DevOps,Mumbai,9.3,2 Months,B.Tech Computer Science
Paytm,"Librosa, Bash","Machine Learning, PowerBI","NLP, SQL",Data Science & AI,Gurgaon,7.3,12 Months,B.Tech Cybersecurity
Pentamedia Graphics Limited,"Docker, Linux","DevOps, OpenCV","Digital Forensics, NoSQL",DevOps,Chennai,7.6,2 Months,B.Tech CS / IT
Pentasoft Technologies Limited,"PowerBI, Computer Vision","DevOps, Java","GCP, Node.js",Cybersecurity & Forensics,Chennai,9.2,9 Months,BCA / MCA
Perisol Technology (India) Pvt. Ltd.,"GCP, Computer Vision","JavaScript, Azure",Java,Web Development,Pune,7.6,4 Months,M.Sc Cyber Forensics
Persistent Systems,"Deep Learning, Linux","Pandas, Scikit-learn","Computer Vision, NLP",Database Administration,Gurgaon,8.7,4 Months,BCA / MCA
Persistent Systems Pvt. Ltd.,"Librosa, React","Node.js, Docker","AWS, GCP",Cloud Computing,Pune,9.1,2 Months,B.Tech CS / IT
PG Softech Limited,"OpenCV, PyTorch","Cybersecurity, NLP","Azure, Digital Forensics",Data Science & AI,New Delhi,6.8,12 Months,B.Tech Cybersecurity
Philips Software Centre Pvt. Ltd.,"NLP, Cybersecurity","OpenCV, Node.js","NLP, TensorFlow",Database Administration,Bangalore,7.2,12 Months,B.Tech CS / IT
Phoenix Global Solutioins (India) Pvt. Ltd.,"Scikit-learn, Cybersecurity","Java, OpenCV","Node.js, TensorFlow",Data Science & AI,Bangalore,6.9,2 Months,Mechanical Engineering
"Phoenix IT Solutions Ltd., Vizag (A.P.)",Web Development,"Computer Vision, Scikit-learn","OpenCV, Librosa",Web Development,Bangalore,8.2,6 Months,B.E. Information Technology
PhonePe,"Bash, Docker","Python, Kubernetes",PowerBI,Software Engineering,Seattle,6.5,9 Months,B.Tech Cybersecurity
Pioneer Consulting,"AWS, Scikit-learn","Computer Vision, TensorFlow","DevOps, Node.js",Database Administration,Remote,8.3,3 Months,Mechanical Engineering
Pioneer Corp,"OpenCV, Mobile Forensics","PyTorch, Node.js",C++,Software Engineering,Kolkata,8.6,4 Months,B.E. Information Technology
Pioneer Dynamics,"Linux, Java","PowerBI, TensorFlow","Azure, NLP",Software Engineering,Singapore,8.8,12 Months,B.E. Information Technology
Pioneer Group,"SQL, Docker","NoSQL, PyTorch",Data Analysis,DevOps,Hyderabad,7,6 Months,B.E. Cloud Computing
Pioneer Inc,"Java, Node.js","OpenCV, Mobile Forensics","Network Security, Kubernetes",Database Administration,Remote,7.8,9 Months,Mechanical Engineering
Pioneer Networks,"Librosa, AWS","Java, Pandas","Docker, Network Security",Database Administration,San Francisco,9.3,4 Months,Mechanical Engineering
Pioneer Security,"Network Security, Deep Learning","Docker, PowerBI",Librosa,Software Engineering,San Francisco,8,9 Months,B.E. Information Technology
Pioneer Software,"DevOps, PyTorch","Machine Learning, Python","GCP, PyTorch",Database Administration,Remote,6.6,6 Months,B.Tech CS / IT
Pioneer Systems,"Bash, Deep Learning","Deep Learning, Machine Learning","Java, Azure",DevOps,Hyderabad,8.7,9 Months,B.Tech CS / IT
Pipal Solutions (India) Pvt. Ltd,"NLP, Linux","C++, Cybersecurity","Python, Linux",Data Science & AI,New Delhi,8.9,6 Months,M.Sc Cyber Forensics
Planet PCI Infotech Ltd,"Docker, Deep Learning","Linux, Cybersecurity","Kubernetes, JavaScript",Cybersecurity & Forensics,New Delhi,9.1,4 Months,B.Tech Computer Science
PlanetAsia.com Limited,"PowerBI, Ethical Hacking","Scikit-learn, DevOps",Linux,Cloud Computing,Bangalore,6.3,4 Months,Mechanical Engineering
Polaris Software Lab Ltd,"TensorFlow, Network Security","Librosa, React","NLP, C++",Cybersecurity & Forensics,Chennai,8.6,2 Months,B.E. Cloud Computing
Postman,"React, Azure","Deep Learning, Mobile Forensics",PowerBI,DevOps,Singapore,6.2,4 Months,Mechanical Engineering
Power-com Technologies (P) Ltd,"Python, Pandas","PyTorch, NLP","Azure, SQL",Software Engineering,Hyderabad,8.2,6 Months,B.Tech Cybersecurity
Powersolv India Pvt. Ltd.,"React, PowerBI","Network Security, Machine Learning",Kubernetes,Database Administration,Gurgaon,6.6,3 Months,Mechanical Engineering
Pradot Technologies Pvt. Ltd.,"C++, TensorFlow","Scikit-learn, GCP","Node.js, OpenCV",Software Engineering,Bangalore,8.4,2 Months,B.Sc Information Security
Pragati AI Solutions,"Kubernetes, Scikit-learn","TensorFlow, Linux","Pandas, DevOps",Cloud Computing,Delhi,7.3,2 Months,B.Tech CS / IT
Pragati App Solutions,"SQL, Incident Response","DevOps, SQL","Machine Learning, TensorFlow",Database Administration,Remote,8.4,3 Months,Mechanical Engineering
Pragati Cloud Limited,"Machine Learning, Incident Response","C++, Deep Learning","React, Bash",Cloud Computing,Gurgaon,7.4,4 Months,Mechanical Engineering
Pragati Cyber Limited,"Cybersecurity, Network Security","Node.js, TensorFlow","Pandas, Machine Learning",Cloud Computing,Bhubaneswar,6.5,9 Months,B.Tech CS / IT
Pragati Hub Limited,"Deep Learning, Data Analysis","NLP, Kubernetes","AWS, PyTorch",Data Science & AI,Remote,8.2,9 Months,B.Sc / M.Sc Data Science
Pragati Sec Limited,"Librosa, NoSQL","Docker, Scikit-learn","Python, Linux",Database Administration,Coimbatore,6.7,6 Months,B.E. Cloud Computing
Pragati Solutions Technologies,"OpenCV, TensorFlow","Librosa, NoSQL","Data Analysis, OpenCV",Database Administration,Gurgaon,9.3,3 Months,B.Tech CS / IT
Pragati Space Innovations,"OpenCV, JavaScript","Digital Forensics, PyTorch","NoSQL, SQL",Cybersecurity & Forensics,Noida,7.9,12 Months,B.Sc Information Security
Pragati Sys Innovations,"Pandas, GCP","GCP, Scikit-learn","Ethical Hacking, Cybersecurity",Database Administration,Bhubaneswar,8.1,4 Months,Mechanical Engineering
Pragati Sys Networks,"Linux, React","Bash, Incident Response","C++, Incident Response",Cloud Computing,Bhubaneswar,6.1,12 Months,B.Tech CS / IT
Pragati Tech Limited,"Mobile Forensics, Python","Docker, PowerBI","Incident Response, Docker",Software Engineering,Kochi,9.2,9 Months,B.E. Information Technology
Pragati Works Networks,"Java, SQL","Deep Learning, GCP","SQL, AWS",Data Science & AI,Remote,6.3,6 Months,B.Sc / M.Sc Data Science
Pramati Technologies (P) Limited,"Scikit-learn, Cybersecurity","OpenCV, Mobile Forensics","AWS, Network Security",DevOps,Hyderabad,7.7,12 Months,BCA / MCA
Premier Technology Group Pvt. Ltd.,"Librosa, Ethical Hacking","Cybersecurity, NLP","C++, PyTorch",DevOps,Nagpur,9.3,3 Months,Mechanical Engineering
PricewaterhouseCoopers Software Pvt. Ltd.,"Node.js, TensorFlow","Node.js, Python","Bash, Pandas",Cloud Computing,Kolkata,8.3,4 Months,B.Tech Computer Science
Primark India Pvt. Ltd.,"Digital Forensics, Python","DevOps, Cybersecurity","Python, GCP",Software Engineering,Bangalore,7.6,6 Months,B.Tech CS / IT
Princeton Software Exports Pvt. Ltd.,"Scikit-learn, Pandas","Incident Response, Pandas",DevOps,Mobile App Development,Mumbai,7.8,4 Months,B.Tech Computer Science
Progressivexperts Infolabs India Pvt Ltd,"React, Azure","Data Analysis, Ethical Hacking",Linux,Database Administration,Hyderabad,8.6,3 Months,B.E. Information Technology
Prologic First India Pvt Ltd,"Cybersecurity, C++","Ethical Hacking, TensorFlow","Deep Learning, PowerBI",Data Science & AI,New Delhi,7.7,9 Months,B.E. Information Technology
Prologix Software Solutions Pvt. Ltd.,"Linux, JavaScript","SQL, Azure","Machine Learning, PyTorch",Cybersecurity & Forensics,Lucknow,8.2,3 Months,B.Tech Computer Science
Pronet Systems Ltd.,"Pandas, OpenCV","Node.js, Machine Learning",JavaScript,Mobile App Development,Chennai,6.9,9 Months,Mechanical Engineering
Proton Solutions Limited,"Python, NLP","Digital Forensics, Pandas","Machine Learning, Digital Forensics",Cybersecurity & Forensics,Bangalore,9,3 Months,B.Tech CS / IT
PSI Data Systems Ltd.,"NoSQL, JavaScript","NLP, NoSQL","Computer Vision, TensorFlow",Data Science & AI,Bangalore,8.6,12 Months,B.E. Cloud Computing
Publicis Sapient India,"Ethical Hacking, Docker","Pandas, NoSQL","Python, Digital Forensics",Web Development,Kolkata,7.6,2 Months,B.E. Information Technology
PwC India,"Docker, Deep Learning","Scikit-learn, GCP","Deep Learning, TensorFlow",Cloud Computing,Gurgaon,6.7,2 Months,BCA / MCA
"Pyxis Technology Solutions Ltd, Vishakhapatnam",Web Development,"JavaScript, AWS","OpenCV, Bash",Software Engineering,Bangalore,8.1,12 Months,B.Tech Computer Science
QAI (India) Limited,"Linux, Docker","Mobile Forensics, Java","Azure, SQL",Web Development,New Delhi,7.9,9 Months,B.Tech Cybersecurity
Quadrant Infotech India Pvt. Ltd.,"Scikit-learn, Network Security","Cybersecurity, PyTorch","Scikit-learn, Node.js",Mobile App Development,Gurgaon,6.9,3 Months,B.E. Cloud Computing
Quantum Analytics,"React, PowerBI","Librosa, Ethical Hacking","GCP, Node.js",Data Science & AI,Remote,8.6,12 Months,B.Tech CS / M.Tech
Quantum App Analytics,"Machine Learning, Azure","JavaScript, Deep Learning","SQL, Java",Mobile App Development,Kolkata,8.8,4 Months,B.Tech Computer Science
Quantum Consulting,"Azure, Mobile Forensics","Computer Vision, NLP","Kubernetes, Python",Cybersecurity & Forensics,Kolkata,6.2,12 Months,B.Sc Information Security
Quantum Data,"Docker, Computer Vision","Ethical Hacking, TensorFlow","NLP, C++",Web Development,Singapore,7.3,3 Months,BCA / MCA
Quantum Defense,"TensorFlow, Ethical Hacking","Machine Learning, PowerBI","React, Azure",Software Engineering,Remote,6.1,2 Months,B.Tech Computer Science
Quantum Dynamics,"GCP, Digital Forensics","Librosa, Node.js","PyTorch, React",Web Development,Seattle,7.6,12 Months,B.Tech Computer Science
Quantum Group,"NLP, DevOps","SQL, Azure","JavaScript, Librosa",Cloud Computing,San Francisco,7.7,3 Months,Mechanical Engineering
Quantum Inc,"Pandas, TensorFlow","PyTorch, Computer Vision","SQL, NLP",Cybersecurity & Forensics,Remote,8.4,4 Months,BCA / MCA
Quantum Information Systems Ltd,"SQL, Python","Pandas, SQL","Python, Digital Forensics",Database Administration,New Delhi,9,6 Months,M.Sc Cyber Forensics
Quantum Innovations,"DevOps, Kubernetes","Deep Learning, NLP","SQL, Deep Learning",Cybersecurity & Forensics,London,9.4,9 Months,M.Sc Cyber Forensics
Quantum Link Analytics,"PowerBI, TensorFlow","GCP, TensorFlow","SQL, TensorFlow",Cloud Computing,Noida,7.4,9 Months,B.Tech CS / IT
Quantum Security,"Computer Vision, AWS","NoSQL, Java","Deep Learning, Ethical Hacking",Software Engineering,Chennai,6.4,2 Months,B.Tech Computer Science
Quantum Services Technologies,"Scikit-learn, Librosa","Python, React","Machine Learning, Scikit-learn",Software Engineering,Mumbai,6.3,2 Months,BCA / MCA
Quantum Softech Limited,"SQL, Python","PyTorch, Data Analysis","Linux, Azure",Cloud Computing,Hyderabad,7,6 Months,B.Tech Computer Science
Quantum Solutions,"Scikit-learn, Librosa","DevOps, Scikit-learn","Pandas, DevOps",Cybersecurity & Forensics,Chennai,7.2,2 Months,B.Tech Cybersecurity
Quantum Sys Systems,"TensorFlow, Deep Learning","Machine Learning, Librosa","Node.js, PowerBI",Mobile App Development,Chennai,6.5,12 Months,BCA / MCA
Quantum Systems,"Data Analysis, OpenCV","Kubernetes, Network Security","OpenCV, Linux",Mobile App Development,Mumbai,7,2 Months,B.Tech Computer Science
Quest Syscon International Pvt. Ltd.,"AWS, Node.js","Linux, Mobile Forensics","Bash, Java",Web Development,Hyderabad,6.2,12 Months,B.Tech CS / M.Tech
Quick Heal Technologies,"Scikit-learn, Librosa","PyTorch, Data Analysis","Bash, GCP",Web Development,Mumbai,7.3,3 Months,B.Tech CS / M.Tech
R C S Technologies,"Scikit-learn, Cybersecurity","Librosa, PyTorch","PowerBI, Docker",Software Engineering,Bangalore,7.9,6 Months,B.E. Cloud Computing
R M Software India Pvt. Ltd.,"Linux, DevOps","Data Analysis, NoSQL","Data Analysis, C++",Data Science & AI,Noida,7.3,4 Months,B.Tech CS / IT
R S Software (India) Ltd.,"NLP, Incident Response","Librosa, Digital Forensics","DevOps, Incident Response",Web Development,Kolkata,7.4,2 Months,B.E. Cloud Computing
R Systems International Limited,"Ethical Hacking, Linux","Incident Response, JavaScript",DevOps,DevOps,Noida,9.5,9 Months,Mechanical Engineering
Rabo India Finance Pvt Ltd,"TensorFlow, NoSQL","Ethical Hacking, Librosa","Bash, Scikit-learn",Web Development,Mumbai,9,3 Months,B.Tech Computer Science
Rajasthan State Agency For Computer Services,Web Development,"Ethical Hacking, Python","Machine Learning, Data Analysis",Web Development,Jaipur,8.8,9 Months,B.Tech CS / IT
Ram Informatics Ltd.,"OpenCV, JavaScript","SQL, TensorFlow",JavaScript,Software Engineering,Mumbai,8.5,2 Months,B.Tech CS / IT
Ramco Systems Ltd,"Scikit-learn, Cybersecurity","TensorFlow, Linux","React, Network Security",Cybersecurity & Forensics,Chennai,6.3,4 Months,BCA / MCA
Rapid Effect Pvt Ltd,"Machine Learning, Python","Cybersecurity, Data Analysis","Deep Learning, TensorFlow",Cybersecurity & Forensics,Pune,7.9,9 Months,B.Tech CS / IT
Rational Software India Pvt Ltd,"NoSQL, C++","NoSQL, Machine Learning","Java, OpenCV",Software Engineering,Bangalore,6.3,6 Months,B.Sc Statistics / Math
Rave Technologies (India) Pvt Ltd,"Bash, Mobile Forensics","Incident Response, JavaScript","Ethical Hacking, Linux",Web Development,Mumbai,6.8,9 Months,B.Sc Statistics / Math
Razorpay,"Scikit-learn, TensorFlow","NoSQL, Linux","Machine Learning, Azure",Software Engineering,Ahmedabad,9.5,6 Months,B.Tech Cybersecurity
Realtime Techsolutions Pvt. Ltd.,"Pandas, Deep Learning","Azure, Cybersecurity","Pandas, SQL",Mobile App Development,Bangalore,8.4,3 Months,B.E. Cloud Computing
Rebus Software Pvt. Ltd.,"PowerBI, TensorFlow","Deep Learning, SQL","C++, SQL",Cloud Computing,Gurgaon,8.7,12 Months,BCA / MCA
Red Hat,"Network Security, Mobile Forensics","PyTorch, Computer Vision",Incident Response,Web Development,Noida,6.1,3 Months,B.Tech Computer Science
rediff.com India Limited,"Digital Forensics, Ethical Hacking","JavaScript, Cybersecurity","React, Deep Learning",Data Science & AI,Mumbai,8.7,4 Months,B.Tech CS / IT
Reliable Web Solutions Pvt. Ltd.,Web Development,"PyTorch, Data Analysis","GCP, DevOps",Cybersecurity & Forensics,Hyderabad,6.3,12 Months,Mechanical Engineering
RelQ Software Pvt Ltd,"Data Analysis, Linux","Azure, Scikit-learn","DevOps, Data Analysis",Cybersecurity & Forensics,Bangalore,7.3,12 Months,B.E. Information Technology
Repro India Ltd.,"Librosa, React","Librosa, Data Analysis","GCP, JavaScript",Database Administration,Mumbai,7.4,12 Months,Mechanical Engineering
Reservation Data Maintenance (India) Pvt. Ltd.,"Mobile Forensics, React","Kubernetes, DevOps",Ethical Hacking,Cybersecurity & Forensics,New Delhi,6.7,12 Months,B.Tech Computer Science
Resonance Technologies (P) Ltd.,"Machine Learning, Cybersecurity","Computer Vision, Bash","TensorFlow, Incident Response",Data Science & AI,Hyderabad,7.1,3 Months,B.E. Cloud Computing
RICO Softech Ltd,"DevOps, Data Analysis","TensorFlow, PowerBI","Deep Learning, PyTorch",Web Development,Gurgaon,7.6,4 Months,Mechanical Engineering
RIICO Ltd,"Scikit-learn, Librosa","PowerBI, GCP","C++, NLP",Software Engineering,Jaipur,8.7,3 Months,B.Sc / M.Sc Data Science
Rishabh Software Pvt Ltd,"C++, Computer Vision","Docker, GCP","PowerBI, Docker",Software Engineering,Vadodara,8.1,9 Months,Mechanical Engineering
River Run Software Group,"PyTorch, PowerBI","PowerBI, Kubernetes","TensorFlow, Incident Response",Cloud Computing,Noida,8.8,4 Months,B.E. Information Technology
Robert BOSCH India Limited,Web Development,"Digital Forensics, Ethical Hacking","Java, OpenCV",Cloud Computing,Vadodara,9.1,3 Months,B.E. Information Technology
Rolta India Ltd.,"Pandas, Python","Java, Python","NoSQL, React",Cybersecurity & Forensics,Mumbai,8.2,2 Months,BCA / MCA
Ruksun Software Technologies Ltd.,"PowerBI, Computer Vision","Network Security, SQL","NLP, Librosa",Database Administration,Pune,7.2,4 Months,B.E. Cloud Computing
S G Martin Infoway Ltd.,"Scikit-learn, Cybersecurity","Pandas, SQL","Machine Learning, TensorFlow",Cloud Computing,New Delhi,7.1,9 Months,B.Tech CS / IT
S P Software Technologies (I) Pvt. Ltd.,"Librosa, Bash","Node.js, Machine Learning","Pandas, DevOps",DevOps,Pune,7.5,3 Months,B.Tech Cybersecurity
Saba Software India Pvt Ltd,"Network Security, Mobile Forensics","DevOps, Java","Node.js, Librosa",Web Development,Mumbai,9.3,6 Months,B.Tech CS / IT
Saiinfo Ltd,"Deep Learning, Azure","Node.js, React","Kubernetes, Python",Database Administration,Noida,7.6,4 Months,B.Tech Cybersecurity
Sak Infotech Limited,"PowerBI, Cybersecurity","Digital Forensics, AWS","Machine Learning, Network Security",Mobile App Development,Chennai,7.3,4 Months,B.Tech Computer Science
Salesforce,"Java, C++","Docker, OpenCV",Computer Vision,Database Administration,Bangalore,7.9,6 Months,Mechanical Engineering
Sampatti.com Limited,Web Development,"AWS, Digital Forensics","NLP, Deep Learning",DevOps,New Delhi,7,6 Months,BCA / MCA
Sampoorna Matchjobs.com Pvt Ltd,"Ethical Hacking, Node.js","React, Deep Learning","Machine Learning, GCP",Mobile App Development,Mumbai,8.8,6 Months,B.Tech CS / IT
Samsung,"NLP, Bash","Digital Forensics, Kubernetes",Bash,Software Engineering,Noida,6.5,4 Months,BCA / MCA
Samsung Electronics India Software Operations (SISO),"GCP, Python","NoSQL, SQL","Cybersecurity, JavaScript",Database Administration,Bangalore,6.1,3 Months,B.Tech CS / IT
Samsung SDS Co. Ltd.,"Librosa, Kubernetes","TensorFlow, DevOps","DevOps, Python",Software Engineering,Bangalore,8.8,3 Months,B.Tech Cybersecurity
Samsung SDS Infotech Pvt Ltd,"JavaScript, NoSQL","GCP, Network Security","NLP, TensorFlow",Web Development,Gurgaon,6.8,9 Months,B.Tech CS / M.Tech
Samtech Infonet Ltd,Web Development,"Docker, Ethical Hacking","Digital Forensics, GCP",Cloud Computing,New Delhi,9.4,6 Months,B.E. Information Technology
Samyak Infotech Pvt. Ltd.,"Deep Learning, DevOps","OpenCV, Data Analysis","Bash, Kubernetes",Cybersecurity & Forensics,Ahmedabad,9.1,2 Months,B.Sc Statistics / Math
Sanchez Capital Services Private Limited,"Linux, Data Analysis","C++, Python","Ethical Hacking, TensorFlow",Cloud Computing,Mumbai,7.5,12 Months,B.Sc / M.Sc Data Science
Sankhya Infotech Ltd,"Scikit-learn, Cybersecurity","DevOps, Java","PowerBI, Data Analysis",Cybersecurity & Forensics,Secunderabad,7.4,12 Months,B.E. Information Technology
Sanyo LSI Technology India Pvt. Ltd.,"Deep Learning, Azure","Node.js, Docker",Data Analysis,Web Development,Bangalore,7.3,9 Months,B.Sc Information Security
SAP,"Network Security, NLP","AWS, NLP",Azure,DevOps,Bangalore,8.6,4 Months,B.Tech CS / IT
SAP India Pvt. Ltd.,"Node.js, Cybersecurity","Network Security, DevOps",DevOps,DevOps,Bangalore,6.7,4 Months,M.Sc Cyber Forensics
Sapient Corporation Pvt Ltd,"Ethical Hacking, Librosa","NoSQL, Network Security","GCP, OpenCV",Cybersecurity & Forensics,New Delhi,7.9,9 Months,B.Tech Computer Science
Sapphire Callnet Pvt Ltd,"AWS, Data Analysis","Pandas, AWS","Java, Kubernetes",Cloud Computing,Delhi,6.4,3 Months,B.Sc Statistics / Math
Sar Softech Pvt Ltd,"Machine Learning, DevOps","Digital Forensics, JavaScript","Cybersecurity, Deep Learning",Web Development,New Delhi,7.6,4 Months,Mechanical Engineering
Sara Infotech Pvt Ltd,"NLP, Network Security","Machine Learning, NLP","PyTorch, AWS",Software Engineering,Mumbai,9.4,12 Months,B.Tech Computer Science
"Sarla Technologies, Navi","SQL, Python","Network Security, Mobile Forensics","Python, Digital Forensics",Cloud Computing,Delhi,6.2,2 Months,B.Tech CS / IT
SAS Global Services Pvt. Ltd.,Web Development,"Bash, Machine Learning","Node.js, JavaScript",Cybersecurity & Forensics,Pune,7.6,12 Months,B.Tech CS / IT
Sasken Communication Technologies Limited,"GCP, Python","NLP, Computer Vision","SQL, Ethical Hacking",Mobile App Development,Bangalore,8.9,2 Months,B.Tech Computer Science
Satpura AI Labs,"Data Analysis, Bash","Python, Kubernetes","Incident Response, Scikit-learn",DevOps,Gurgaon,7.4,3 Months,B.E. Cloud Computing
Satpura AI Limited,"JavaScript, Scikit-learn","NoSQL, Machine Learning","Cybersecurity, Data Analysis",Mobile App Development,Remote,7.2,12 Months,BCA / MCA
Satpura Cloud Enterprises,"AWS, SQL","DevOps, Deep Learning","TensorFlow, Java",DevOps,Coimbatore,8.7,9 Months,B.E. Cloud Computing
Satpura Com Networks,"Digital Forensics, Data Analysis","OpenCV, TensorFlow","JavaScript, Linux",Database Administration,Remote,9.3,9 Months,B.Tech CS / IT
Satpura Consulting Analytics,"GCP, JavaScript","C++, Pandas","PyTorch, Azure",Web Development,Noida,8.5,12 Months,BCA / MCA
Satpura Data Networks,"Python, Incident Response","Computer Vision, Bash","Docker, TensorFlow",Database Administration,Kochi,8.1,4 Months,B.E. Cloud Computing
Satpura Labs Solutions,"AWS, Scikit-learn","Docker, Deep Learning","Ethical Hacking, Mobile Forensics",DevOps,Gurgaon,7.9,2 Months,B.E. Cloud Computing
Satpura Net Enterprises,"Digital Forensics, Computer Vision","C++, JavaScript","Bash, Java",Web Development,Chandigarh,8.3,4 Months,B.E. Information Technology
Satpura Sec Group,"Ethical Hacking, Deep Learning","NLP, Node.js","Data Analysis, Cybersecurity",Software Engineering,Coimbatore,7.2,6 Months,BCA / MCA
Satpura Sec Pvt Ltd,"Kubernetes, Network Security","PowerBI, TensorFlow","GCP, SQL",Cloud Computing,Chennai,9.3,6 Months,B.Tech CS / IT
Satpura Space Innovations,"GCP, Computer Vision","NoSQL, Network Security","Java, React",Cloud Computing,Chennai,7.3,2 Months,B.Tech CS / IT
Satpura Space Solutions,"Deep Learning, React","Ethical Hacking, NLP","Java, Linux",Software Engineering,Remote,6.3,12 Months,B.Tech Computer Science
Satpura Web Labs,"SQL, JavaScript","JavaScript, AWS","Python, Incident Response",Web Development,Remote,6.7,4 Months,BCA / MCA
Satya Infosoft Pvt Ltd,"NLP, Data Analysis","Cybersecurity, NLP","Kubernetes, Linux",Software Engineering,New Delhi,7.6,4 Months,B.Tech CS / IT
Satyam Computer Services Ltd.,"TensorFlow, Mobile Forensics","Scikit-learn, Network Security","React, Network Security",Cybersecurity & Forensics,Secunderabad,8.3,2 Months,B.E. Information Technology
Saven Technologies Limited,"Linux, Data Analysis","Computer Vision, Java","JavaScript, Cybersecurity",Cybersecurity & Forensics,Hyderabad,7,6 Months,B.Tech CS / IT
"Savex Softech Pvt.Ltd.,:","Machine Learning, TensorFlow","OpenCV, React","Data Analysis, Digital Forensics",Database Administration,Secunderabad,7.2,2 Months,B.Sc / M.Sc Data Science
SCM Microsystems (India) Pvt Ltd,"Scikit-learn, Cybersecurity","React, Docker","AWS, SQL",Cloud Computing,Chennai,7.7,4 Months,B.Tech CS / IT
Score Information Technologies Ltd.,"NLP, Linux","C++, Linux","Librosa, Computer Vision",Cloud Computing,Kolkata,7.9,6 Months,B.Tech CS / IT
SDRC India Pvt. Ltd.,"Cybersecurity, Network Security","NoSQL, TensorFlow","Librosa, SQL",Cybersecurity & Forensics,Gurgaon,6.4,3 Months,B.Tech CS / M.Tech
Searchlight India Ltd,Web Development,"Data Analysis, NoSQL","PyTorch, Scikit-learn",Cybersecurity & Forensics,Mumbai,6,12 Months,B.E. Cloud Computing
Secure Analytics,"Docker, NoSQL","Scikit-learn, GCP","Pandas, Data Analysis",DevOps,Gurgaon,7.1,6 Months,Mechanical Engineering
Secure Corp,"AWS, Kubernetes","PyTorch, Machine Learning","Librosa, Computer Vision",Cloud Computing,London,6.9,9 Months,B.E. Cloud Computing
Secure Data,"Scikit-learn, Computer Vision","Librosa, NoSQL","Kubernetes, Machine Learning",Software Engineering,Pune,7.7,2 Months,BCA / MCA
Secure Defense,"DevOps, GCP","Incident Response, GCP","Docker, Kubernetes",Software Engineering,San Francisco,7,12 Months,B.E. Information Technology
Secure Group,"Scikit-learn, Cybersecurity","Azure, Incident Response",Java,Data Science & AI,Kolkata,8.9,3 Months,B.Sc Statistics / Math
Secure Innovations,"PyTorch, TensorFlow","React, Deep Learning","NoSQL, PowerBI",Database Administration,Bangalore,8.6,3 Months,B.E. Cloud Computing
Secure Labs,"OpenCV, Scikit-learn","JavaScript, Kubernetes","Mobile Forensics, Scikit-learn",Database Administration,Pune,8.1,9 Months,Mechanical Engineering
Secure Security,"Azure, Kubernetes","Incident Response, Linux","NLP, Azure",Web Development,Noida,6,9 Months,BCA / MCA
Secure Software,"Digital Forensics, Python","AWS, Computer Vision","Incident Response, Deep Learning",Cybersecurity & Forensics,Seattle,8.8,9 Months,M.Sc Cyber Forensics
Secure Tech,"JavaScript, Computer Vision","Pandas, Azure","AWS, JavaScript",Data Science & AI,Chennai,9.2,12 Months,B.Sc / M.Sc Data Science
Secure Technologies,"Linux, Data Analysis","Network Security, Kubernetes","DevOps, Python",DevOps,Pune,6.8,12 Months,Mechanical Engineering
SeE Consulting Pvt. Ltd.,"Bash, Python","Cybersecurity, AWS",Kubernetes,Mobile App Development,Bangalore,9.2,4 Months,B.Tech CS / M.Tech
SEEC Technologies Asia Private. Limited.,"Node.js, Cybersecurity","Data Analysis, Cybersecurity","OpenCV, React",DevOps,Hyderabad,7.4,3 Months,Mechanical Engineering
Selectronic Equipment & Services Pvt. Ltd.,"Linux, Java","Bash, NoSQL","Deep Learning, AWS",Web Development,Gurgaon,6.9,6 Months,Mechanical Engineering
Semaphore Soft Pvt Ltd,"Computer Vision, Machine Learning","Kubernetes, Bash","Deep Learning, AWS",Web Development,Bangalore,6.6,3 Months,B.Tech Computer Science
Servion Global Solutions Ltd,"Librosa, AWS","Deep Learning, Mobile Forensics","NLP, TensorFlow",Cloud Computing,Chennai,8.1,2 Months,Mechanical Engineering
Shapre Global Info Services Limited,"AWS, JavaScript","Network Security, Mobile Forensics","PyTorch, NLP",Data Science & AI,Chennai,7.3,6 Months,B.Tech Computer Science
Shoghi Communications Pvt ltd,"Ethical Hacking, Librosa","Node.js, Kubernetes","Machine Learning, Data Analysis",Database Administration,New Delhi,9.1,3 Months,Mechanical Engineering
Shyama Software Solutions (I) Pvt Ltd,"Network Security, NLP","DevOps, AWS","Java, Linux",Data Science & AI,Delhi,8.5,12 Months,B.Sc Information Security
Siemens Information Systems Ltd.,"TensorFlow, Computer Vision","Bash, Ethical Hacking","GCP, OpenCV",DevOps,Mumbai,7.7,2 Months,B.E. Cloud Computing
Siemens Public Communications Network Ltd.,"DevOps, OpenCV","Computer Vision, PyTorch","GCP, NoSQL",Mobile App Development,Bangalore,7.5,3 Months,B.Sc / M.Sc Data Science
Siemens Shared Services India Pvt Ltd,"Scikit-learn, Cybersecurity","GCP, Azure","Kubernetes, Bash",Web Development,Bangalore,7.8,12 Months,B.Sc Statistics / Math
Sierra Optima Ltd.,"PyTorch, React","PowerBI, Kubernetes","Computer Vision, Bash",Data Science & AI,Hyderabad,6.7,6 Months,M.Sc Cyber Forensics
Sify Technologies,"Librosa, Digital Forensics","PowerBI, Data Analysis","React, Bash",Database Administration,Bangalore,6.3,3 Months,B.Tech Computer Science
Silver Valley Communications Ltd,"PowerBI, Linux","NoSQL, Linux","DevOps, Python",Cloud Computing,Kolkata,7.2,9 Months,BCA / MCA
Silverline Technologies Ltd.,"Python, NLP","OpenCV, Ethical Hacking","Ethical Hacking, PowerBI",Cloud Computing,Mumbai,7.3,4 Months,BCA / MCA
Simplysoft Technologies Pvt Ltd,"OpenCV, TensorFlow","Mobile Forensics, Bash","Network Security, Linux",Database Administration,Bangalore,6.9,6 Months,B.E. Cloud Computing
SIP Technologies & Exports Ltd,"Deep Learning, Python","Cybersecurity, PyTorch","Kubernetes, DevOps",Cybersecurity & Forensics,Chennai,9.3,2 Months,BCA / MCA
Siri Technologies Private Limited,"Data Analysis, OpenCV","Machine Learning, GCP",SQL,Database Administration,Bangalore,8.2,3 Months,B.E. Cloud Computing
Sitel India Pvt Ltd,"Bash, Docker","Docker, JavaScript","Cybersecurity, PyTorch",Mobile App Development,Mumbai,6.8,4 Months,B.Tech CS / IT
Skyline e-tech,Web Development,"Docker, OpenCV","Cybersecurity, PyTorch",Cloud Computing,Cochin,6.9,4 Months,B.Sc Statistics / Math
Skytech Solutions Pvt Ltd,"Node.js, TensorFlow","Computer Vision, PowerBI","Machine Learning, Azure",Cybersecurity & Forensics,Kolkata,8.4,9 Months,B.E. Cloud Computing
SLK Software Services Pvt Ltd,"Ethical Hacking, Linux","Cybersecurity, NLP","Data Analysis, Python",Cloud Computing,Bangalore,8,12 Months,B.Tech Computer Science
SLM Soft India Pvt Ltd,"AWS, React","Deep Learning, SQL","GCP, Bash",Database Administration,Mumbai,7.3,9 Months,B.Tech CS / IT
SM Telesys Ltd,"JavaScript, Docker","Pandas, C++","Incident Response, JavaScript",Cybersecurity & Forensics,New Delhi,7.7,3 Months,M.Sc Cyber Forensics
Smart App Solutions,"Network Security, NLP","NLP, Azure","JavaScript, Bash",Cloud Computing,Pune,6.4,2 Months,B.Tech CS / IT
Smart Com Networks,"Deep Learning, DevOps","OpenCV, Java","Computer Vision, GCP",Web Development,Kochi,9.4,4 Months,BCA / MCA
Smart Consulting,"SQL, Pandas","Java, Librosa","AWS, Incident Response",Cloud Computing,Noida,8.3,9 Months,B.Tech CS / IT
Smart Corp,"React, SQL","Computer Vision, PyTorch","TensorFlow, Incident Response",DevOps,Mumbai,8.3,12 Months,Mechanical Engineering
Smart Data,"Machine Learning, Network Security","Node.js, Pandas","Bash, Node.js",Cybersecurity & Forensics,London,7.3,6 Months,BCA / MCA
Smart Dynamics,"NLP, TensorFlow","Mobile Forensics, Azure",Librosa,DevOps,Seattle,6.5,12 Months,B.E. Cloud Computing
Smart Group,"Data Analysis, Linux","Scikit-learn, GCP",Docker,DevOps,Seattle,8.3,3 Months,B.E. Cloud Computing
Smart Hub Group,"PyTorch, Librosa","Pandas, PyTorch","Linux, Node.js",Cloud Computing,Remote,6.5,12 Months,B.Tech CS / IT
Smart Hub Pvt Ltd,"TensorFlow, Data Analysis","Deep Learning, Kubernetes","Bash, Cybersecurity",Database Administration,Lucknow,8.9,6 Months,Mechanical Engineering
Smart Inc,"OpenCV, TensorFlow","Scikit-learn, Python","Computer Vision, Docker",Database Administration,Seattle,6.7,2 Months,B.E. Cloud Computing
Smart Labs,"Data Analysis, GCP","Pandas, Scikit-learn","Node.js, PowerBI",Cloud Computing,Remote,9.2,3 Months,B.Tech CS / IT
Smart Net Innovations,"Ethical Hacking, Network Security","Machine Learning, NLP","Digital Forensics, Cybersecurity",Software Engineering,Kochi,7.4,9 Months,BCA / MCA
Smart Net Networks,"SQL, Java","Docker, Cybersecurity","Scikit-learn, Bash",Software Engineering,Bhubaneswar,8.8,6 Months,B.E. Information Technology
Smart Networks,"Linux, DevOps","React, Python",Kubernetes,Web Development,London,7.4,3 Months,B.E. Information Technology
Smart Solutions,"Python, Docker","Node.js, NoSQL","SQL, Ethical Hacking",Data Science & AI,San Francisco,9.1,9 Months,B.Tech CS / M.Tech
Smart Space Analytics,"TensorFlow, PyTorch","GCP, SQL","Bash, Linux",Database Administration,Lucknow,8.7,6 Months,Mechanical Engineering
Smart Systems,"Scikit-learn, JavaScript","Machine Learning, DevOps","Network Security, Librosa",Software Engineering,Noida,6.2,9 Months,BCA / MCA
Smart Tech,"AWS, JavaScript","Deep Learning, NoSQL",Kubernetes,Cybersecurity & Forensics,Noida,8,12 Months,B.Tech Cybersecurity
Smart Tech Labs,"Bash, Mobile Forensics","PowerBI, Docker","Scikit-learn, NLP",Database Administration,Kolkata,7.3,12 Months,Mechanical Engineering
Smart Technologies,"Scikit-learn, DevOps","DevOps, Azure","TensorFlow, Network Security",Cybersecurity & Forensics,Noida,7.1,2 Months,M.Sc Cyber Forensics
SmartData Enterprises (India) Ltd,"AWS, JavaScript","Digital Forensics, Network Security","AWS, Linux",Cybersecurity & Forensics,Chandigarh,8.7,6 Months,B.Sc Information Security
Snowflake,"Bash, OpenCV","SQL, Digital Forensics",Cybersecurity,Software Engineering,Seattle,7.8,2 Months,BCA / MCA
SNS Technologies Pvt Ltd,"Cybersecurity, Librosa","Docker, Bash",Java,Software Engineering,Pune,6.4,6 Months,B.Tech Computer Science
Sobha Renaissance,"OpenCV, TensorFlow","DevOps, AWS","Incident Response, Docker",Data Science & AI,Pune,7,12 Months,BCA / MCA
Soft Systems Pvt. Ltd.,"Digital Forensics, NLP","Ethical Hacking, Digital Forensics","Docker, GCP",Database Administration,Cochin,7.3,12 Months,B.E. Cloud Computing
SoftDEL Systems Ltd.,"PowerBI, TensorFlow","Data Analysis, Python","SQL, Scikit-learn",Cybersecurity & Forensics,Mumbai,8.5,3 Months,Mechanical Engineering
Softek Limited Specialisation: Location:,"Incident Response, Pandas","Kubernetes, Scikit-learn","Scikit-learn, Node.js",DevOps,Cochin,7.4,3 Months,B.Tech Computer Science
SoftProjex (India) Limited,"Mobile Forensics, Cybersecurity","Computer Vision, Mobile Forensics","Ethical Hacking, Data Analysis",Cloud Computing,Hyderabad,6.7,9 Months,B.Tech Cybersecurity
"Software Technology Park  Patna, Patna","NLP, Scikit-learn","Computer Vision, NLP","Linux, React",Web Development,Delhi,8.5,2 Months,Mechanical Engineering
Software Technology Parks Of India,"AWS, Digital Forensics","Java, Machine Learning","Node.js, JavaScript",Data Science & AI,New Delhi,8.3,6 Months,Mechanical Engineering
Solitar Systems (India) Pvt Ltd,"AWS, Kubernetes","Pandas, NoSQL","PowerBI, Data Analysis",Mobile App Development,Gurgaon,7.7,9 Months,B.Tech Cybersecurity
SolutionNET India (Pvt ) Ltd,"Scikit-learn, Cybersecurity","PowerBI, Mobile Forensics","Node.js, OpenCV",DevOps,Chennai,6.9,12 Months,Mechanical Engineering
Solutions Infosystems Pvt. Ltd.,"TensorFlow, Java","Machine Learning, Librosa","Pandas, TensorFlow",Database Administration,New Delhi,8.9,4 Months,B.E. Information Technology
Solutions Integrated Marketing Services Pvt Ltd.,"Mobile Forensics, Docker","Cybersecurity, AWS","GCP, Data Analysis",Software Engineering,New Delhi,6.7,6 Months,B.Tech Computer Science
Sonata Software,"SQL, Java","Computer Vision, Bash","GCP, Bash",Cybersecurity & Forensics,Chandigarh,8.6,3 Months,Mechanical Engineering
Sonata Software Limited,Web Development,"AWS, JavaScript","Scikit-learn, C++",Database Administration,Bangalore,8,9 Months,B.Tech CS / M.Tech
Sony,"NoSQL, NLP","Node.js, Ethical Hacking",Librosa,Cloud Computing,Kolkata,6.4,3 Months,Mechanical Engineering
Southstar Data Consultants Pvt. Ltd.,"Node.js, Machine Learning","React, Azure","Java, OpenCV",Cloud Computing,Bangalore,6.5,3 Months,B.E. Cloud Computing
Sovika Infotek Ltd.,"Bash, Ethical Hacking","C++, PowerBI","Ethical Hacking, Pandas",Mobile App Development,Mumbai,7.9,6 Months,B.Sc Information Security
SPA Software Pvt. Ltd.,Web Development,"Java, Incident Response","AWS, JavaScript",Web Development,Mumbai,9.1,4 Months,B.E. Information Technology
Speck Systems Limited,"Scikit-learn, Cybersecurity","Node.js, Kubernetes","Azure, Data Analysis",Database Administration,Hyderabad,9.5,4 Months,B.Tech Computer Science
Spectramind eServices Private Limited Specialisation: Location:,"Librosa, Ethical Hacking","Librosa, PowerBI",Kubernetes,Database Administration,Mumbai,6.4,3 Months,B.Tech Cybersecurity
Splunk,"Kubernetes, Linux","Scikit-learn, Bash",Machine Learning,Mobile App Development,Kolkata,8.4,3 Months,B.E. Information Technology
SQL Star International Limited,"JavaScript, TensorFlow","Incident Response, JavaScript","Node.js, Librosa",Cybersecurity & Forensics,Hyderabad,7.4,9 Months,B.Tech CS / IT
SRA Systems Ltd.,Web Development,"PowerBI, Digital Forensics","GCP, OpenCV",Cybersecurity & Forensics,Chennai,6.3,12 Months,B.E. Information Technology
SRF Infotel (A Division of SRF Ltd ),"Data Analysis, PyTorch","DevOps, AWS","Linux, DevOps",Database Administration,Chennai,9.4,12 Months,B.Tech Computer Science
Srishti Software Private Limited,"TensorFlow, Network Security","Digital Forensics, Librosa","Ethical Hacking, JavaScript",Software Engineering,Bangalore,7.6,6 Months,B.E. Cloud Computing
SRM Technologies Limited,"AWS, Docker","Kubernetes, GCP","Docker, Cybersecurity",Cybersecurity & Forensics,Chennai,7.1,4 Months,BCA / MCA
SSG Software Systems (P) Ltd.,"Linux, Java","Digital Forensics, SQL","AWS, Cybersecurity",Database Administration,Bangalore,7,2 Months,BCA / MCA
SSI Technologies,"Data Analysis, Mobile Forensics","C++, Librosa","AWS, NLP",Web Development,Chennai,7.7,6 Months,B.Tech Computer Science
Sterling Infotech Limited,"Pandas, Deep Learning","C++, React","Ethical Hacking, TensorFlow",DevOps,Chennai,8,4 Months,M.Sc Cyber Forensics
Stream Tracmail Pvt. Ltd.,"TensorFlow, Network Security","DevOps, SQL","Bash, Azure",DevOps,Mumbai,6.8,6 Months,B.E. Cloud Computing
Subex Systems Limited,"Machine Learning, PyTorch","NoSQL, OpenCV","Network Security, Linux",Web Development,Bangalore,7.8,3 Months,B.Sc Information Security
Summit Data,"Incident Response, GCP","GCP, Deep Learning","NoSQL, Digital Forensics",Data Science & AI,Pune,7.3,2 Months,B.Tech CS / M.Tech
Summit Defense,"Kubernetes, Node.js","SQL, Network Security","Librosa, Mobile Forensics",Mobile App Development,Remote,6.6,2 Months,BCA / MCA
Summit Dynamics,"Python, GCP","Pandas, PowerBI","Ethical Hacking, JavaScript",Web Development,Noida,9.5,3 Months,BCA / MCA
Summit Inc,"Java, Pandas","Scikit-learn, Machine Learning","Incident Response, PowerBI",Cybersecurity & Forensics,Hyderabad,9.3,12 Months,BCA / MCA
Summit Information Technologies Ltd,"PyTorch, SQL","SQL, Cybersecurity","React, Incident Response",Database Administration,Gurgaon,8.3,4 Months,Mechanical Engineering
Summit Labs,"SQL, Ethical Hacking","Incident Response, JavaScript","Machine Learning, Docker",DevOps,Kolkata,6.4,3 Months,B.Tech CS / IT
Summit Networks,"C++, Pandas","PyTorch, Data Analysis","NoSQL, Pandas",Software Engineering,Singapore,7.2,3 Months,B.Tech Computer Science
Summit Software,"Node.js, Cybersecurity","Java, Docker","TensorFlow, Cybersecurity",Cloud Computing,Chennai,7.4,12 Months,Mechanical Engineering
Summit Systems,"Kubernetes, Mobile Forensics","SQL, Machine Learning","PyTorch, Java",Data Science & AI,Singapore,7,6 Months,B.Tech CS / M.Tech
Summit Tech,"Incident Response, Scikit-learn","React, AWS","DevOps, OpenCV",Cloud Computing,Hyderabad,6.2,9 Months,B.Tech CS / IT
Summit Technologies,"Bash, Python","Ethical Hacking, Python","Machine Learning, PyTorch",DevOps,Bangalore,8.3,3 Months,Mechanical Engineering
SummitWorks Technologies Pvt. Ltd.,"Mobile Forensics, Pandas","Java, Deep Learning","Bash, Computer Vision",Web Development,Chennai,9,2 Months,BCA / MCA
"Sun Informatics, Bhopal","TensorFlow, Java","DevOps, Deep Learning","AWS, Azure",Mobile App Development,Gurgaon,6.1,9 Months,B.E. Cloud Computing
Sun Microsystems India Pvt. Ltd.,"C++, PowerBI","JavaScript, Cybersecurity","Node.js, Librosa",Data Science & AI,Bangalore,7.8,6 Months,B.Tech CS / IT
Sundaram Infotech Solutions,"Scikit-learn, C++","Python, NoSQL","Incident Response, C++",Mobile App Development,Chennai,8.1,6 Months,Mechanical Engineering
Sunquest Information Systems (India) Pvt Ltd,"DevOps, AWS","Docker, Mobile Forensics","Python, React",Mobile App Development,Bangalore,6.8,9 Months,B.Tech Computer Science
"Suntec Business Solutions Pvt. Ltd., Trivandrum",Web Development,"Digital Forensics, NLP","Bash, Azure",Cybersecurity & Forensics,Chennai,9.2,4 Months,B.Tech CS / IT
Supertech Software & Hardware Pvt. Ltd.,"Cybersecurity, Linux","PyTorch, Bash","Pandas, DevOps",Web Development,New Delhi,8.9,4 Months,BCA / MCA
Supertech Solutions Limited,"Pandas, Deep Learning","React, GCP","DevOps, Machine Learning",Cloud Computing,Pune,6.9,2 Months,M.Sc Cyber Forensics
Suvi Information Systems Pvt Ltd,Web Development,"Mobile Forensics, Bash","Bash, Pandas",Web Development,Indore,6.4,12 Months,B.Tech CS / IT
Swiggy,"Bash, Computer Vision","Deep Learning, GCP","Incident Response, Scikit-learn",Data Science & AI,San Francisco,7.6,4 Months,B.Sc Information Security
Symantec,"PyTorch, Cybersecurity","Ethical Hacking, TensorFlow",GCP,Database Administration,Bangalore,8.2,3 Months,B.Tech CS / IT
Symantec Ltd,"Cybersecurity, Digital Forensics","Machine Learning, Java","GCP, Bash",DevOps,Mumbai,8.3,3 Months,B.Tech CS / IT
Symco Software Pvt. Ltd.,"Librosa, GCP","TensorFlow, OpenCV","Network Security, Mobile Forensics",DevOps,Mumbai,9.4,12 Months,B.Tech CS / IT
Synapse Corp,"Ethical Hacking, TensorFlow","PyTorch, NLP","Java, SQL",Cloud Computing,Gurgaon,6.1,12 Months,Mechanical Engineering
Synapse Data,"Azure, Data Analysis","React, Azure","Docker, PyTorch",Web Development,Gurgaon,8.3,3 Months,BCA / MCA
Synapse Dynamics,"JavaScript, PyTorch","DevOps, Mobile Forensics","Incident Response, PowerBI",Cloud Computing,Mumbai,7.6,3 Months,Mechanical Engineering
Synapse Group,"SQL, Mobile Forensics","C++, Librosa","DevOps, PyTorch",Cybersecurity & Forensics,Pune,9.2,12 Months,B.Tech Cybersecurity
Synapse Inc,"Java, Docker","NoSQL, SQL","TensorFlow, AWS",Data Science & AI,Pune,8.7,2 Months,B.Sc Statistics / Math
Synapse Innovations,"Mobile Forensics, Ethical Hacking","Docker, Python","AWS, Network Security",Mobile App Development,Remote,7.6,6 Months,BCA / MCA
Synapse Networks,"Kubernetes, JavaScript","GCP, SQL",C++,Web Development,Noida,7.3,6 Months,B.E. Information Technology
Synapse Software,"Linux, Docker","JavaScript, AWS","Deep Learning, PowerBI",Mobile App Development,Noida,8.2,2 Months,BCA / MCA
Synapse Solutions,"DevOps, Machine Learning","Network Security, OpenCV","C++, React",Cybersecurity & Forensics,London,9.4,3 Months,M.Sc Cyber Forensics
Synapse Systems,"JavaScript, Computer Vision","Digital Forensics, Network Security","TensorFlow, Bash",Cloud Computing,Gurgaon,8.7,6 Months,B.E. Cloud Computing
Synapse Tech,"Java, Ethical Hacking","GCP, Librosa","NLP, Java",Mobile App Development,Seattle,7.2,12 Months,B.Tech Computer Science
Synosoft Infotech (P) Ltd,"Kubernetes, PyTorch","NoSQL, C++",DevOps,Web Development,Hyderabad,9.3,3 Months,M.Sc Cyber Forensics
Syntel (India) Ltd.,"SQL, Data Analysis","SQL, TensorFlow","Digital Forensics, Deep Learning",Mobile App Development,Mumbai,6.4,9 Months,B.E. Information Technology
Sysnet Associates (India) Ltd.,"TensorFlow, Java","DevOps, Docker","Computer Vision, NLP",Cloud Computing,Bangalore,8.4,9 Months,B.Tech Computer Science
Systech Solutions Pvt. Ltd,"SQL, Kubernetes","TensorFlow, Linux","Machine Learning, JavaScript",Cloud Computing,Chennai,9.1,3 Months,B.E. Cloud Computing
Systems & Software,"Docker, OpenCV","Computer Vision, NLP","Data Analysis, JavaScript",Database Administration,Mumbai,6.5,2 Months,B.Sc Information Security
Systems America (India) Pvt. Ltd.,"Mobile Forensics, Pandas","Linux, Incident Response",Librosa,Software Engineering,New Delhi,7.4,9 Months,B.Tech Computer Science
Systems Plus (Pvt )Ltd Specialisation: Location:,"TensorFlow, Deep Learning","DevOps, Deep Learning","Node.js, Data Analysis",Cybersecurity & Forensics,Mumbai,6.3,3 Months,B.Tech Cybersecurity
Systime Computer Systems (I) Pvt. Ltd.,"NLP, Linux","Mobile Forensics, PyTorch","Deep Learning, PyTorch",Software Engineering,Mumbai,7.8,2 Months,B.Tech CS / IT
Talisma Corporation Pvt Ltd,"TensorFlow, Cybersecurity","JavaScript, Java","Data Analysis, Incident Response",Mobile App Development,Bangalore,7.9,4 Months,B.E. Cloud Computing
Tally Solutions,"PyTorch, Cybersecurity","Node.js, Kubernetes","Node.js, Data Analysis",Software Engineering,Singapore,7,3 Months,B.Sc Information Security
Tally Solutions Pvt Ltd,"Ethical Hacking, Network Security","Node.js, TensorFlow","NoSQL, Data Analysis",Data Science & AI,Bangalore,8.9,2 Months,B.Sc Information Security
Tanning Technology (India) Pvt Ltd,Web Development,"GCP, SQL","PyTorch, Java",Cloud Computing,Hyderabad,6.3,3 Months,B.E. Cloud Computing
Tarang Software Technologies,Web Development,"Pandas, C++","JavaScript, Machine Learning",Cloud Computing,Bangalore,9,9 Months,B.Tech Computer Science
Tasaa Netcom Private Limited,Web Development,"Machine Learning, PowerBI","AWS, Ethical Hacking",Data Science & AI,Mumbai,7.6,3 Months,B.Sc Statistics / Math
Tata Autocomp Systems Ltd,"Ethical Hacking, Azure","NoSQL, React","Azure, Scikit-learn",Software Engineering,Pune,6.3,6 Months,B.Tech CS / IT
Tata Consultancy Services,"Pandas, GCP","DevOps, AWS",GCP,Web Development,San Francisco,7.6,12 Months,B.Tech CS / M.Tech
Tata Consultancy Services,Web Development,"Computer Vision, Bash","Pandas, DevOps",Cloud Computing,Mumbai,6.5,2 Months,B.E. Cloud Computing
Tata Elxsi (India) Ltd.,"Librosa, Incident Response","Ethical Hacking, NLP","NoSQL, PowerBI",Software Engineering,Bangalore,7.4,9 Months,B.Tech CS / M.Tech
Tata Infotech Ltd.,"Librosa, Bash","Scikit-learn, GCP","Deep Learning, AWS",DevOps,Mumbai,8.8,9 Months,B.Tech Computer Science
Tata Interactive Systems,"Computer Vision, Network Security","SQL, NLP","Pandas, SQL",Software Engineering,Mumbai,9.5,3 Months,B.Tech Computer Science
Tata Internet Services Ltd,"Network Security, OpenCV","C++, JavaScript","Cybersecurity, Docker",DevOps,Mumbai,8.2,12 Months,Mechanical Engineering
Tata Technologies Limit ed,"Deep Learning, GCP","Ethical Hacking, Bash","Kubernetes, Scikit-learn",Database Administration,Pune,9.3,12 Months,B.Tech Computer Science
Tattva App Innovations,"Scikit-learn, AWS","Computer Vision, PyTorch","Linux, React",Cybersecurity & Forensics,Remote,9.4,9 Months,B.Tech Cybersecurity
Tattva Hub Innovations,"React, Librosa","Bash, Linux","Digital Forensics, GCP",Mobile App Development,Bhubaneswar,8,12 Months,B.Tech Computer Science
Tattva Hub Networks,"AWS, JavaScript","NLP, Computer Vision","Incident Response, Linux",DevOps,Bhubaneswar,7.5,12 Months,B.Tech CS / IT
Tattva Info Analytics,"Librosa, Digital Forensics","Scikit-learn, AWS","PowerBI, Cybersecurity",Web Development,Chandigarh,7.7,12 Months,B.E. Information Technology
Tattva Sec Pvt Ltd,"Network Security, TensorFlow","PowerBI, Computer Vision","Bash, Computer Vision",DevOps,Jaipur,7.8,9 Months,Mechanical Engineering
Tattva Solutions Labs,"JavaScript, GCP","Docker, GCP","Pandas, Cybersecurity",Database Administration,Delhi,7.8,9 Months,Mechanical Engineering
Tattva Solutions Technologies,"Cybersecurity, Linux","Bash, Machine Learning","Computer Vision, NLP",Cloud Computing,Remote,7.1,9 Months,B.E. Cloud Computing
Tattva Sys Innovations,"Ethical Hacking, Pandas","Azure, Scikit-learn","SQL, Node.js",Mobile App Development,Remote,8.1,4 Months,B.Tech Computer Science
Tattva Tech Enterprises,"Docker, DevOps","Pandas, Network Security","Machine Learning, JavaScript",Data Science & AI,Remote,7.1,3 Months,B.Sc Statistics / Math
Tattva Tech Systems,"JavaScript, Machine Learning","React, AWS","DevOps, Linux",Web Development,Remote,9.2,4 Months,B.Tech Computer Science
TCG Software Services Pvt. Ltd.,"OpenCV, TensorFlow","Network Security, React",Data Analysisr,Software Engineering,Kolkata,8.1,9 Months,B.E. Cloud Computing
TCIL BellSouth Ltd.,"Linux, DevOps","Bash, Deep Learning","Librosa, Java",Data Science & AI,New Delhi,7,2 Months,BCA / MCA
TCS,"Cybersecurity, Docker","Scikit-learn, PyTorch",Pandas,Cybersecurity & Forensics,Chennai,9.4,4 Months,B.Sc Information Security
TCT Technical Training (India) Pvt. Ltd.,"GCP, PyTorch","Azure, Python","DevOps, Kubernetes",Data Science & AI,Kolkata,8,9 Months,Mechanical Engineering
Tech AI Innovations,"TensorFlow, Librosa","Computer Vision, Deep Learning","PowerBI, NoSQL",DevOps,Remote,9,6 Months,Mechanical Engineering
Tech Cloud Enterprises,"Java, SQL","SQL, Pandas","React, Network Security",Cloud Computing,Remote,6.3,3 Months,B.Tech CS / IT
Tech Com Innovations,"GCP, AWS","Data Analysis, Cybersecurity","Kubernetes, Mobile Forensics",Database Administration,Remote,6.9,4 Months,B.Tech CS / IT
Tech Corp,"DevOps, Node.js","Node.js, Incident Response","PyTorch, OpenCV",Data Science & AI,Bangalore,9,9 Months,B.Sc / M.Sc Data Science
Tech Cyber Systems,"Librosa, Incident Response","TensorFlow, Ethical Hacking","Scikit-learn, OpenCV",Web Development,Mumbai,8.1,12 Months,B.E. Information Technology
Tech Data,"TensorFlow, Computer Vision","GCP, Digital Forensics","Kubernetes, NLP",Mobile App Development,Mumbai,6.5,12 Months,BCA / MCA
Tech Data Ventures,"JavaScript, Scikit-learn","DevOps, PyTorch","Incident Response, Node.js",Cloud Computing,Kolkata,7.6,12 Months,B.Tech CS / IT
Tech Defense,"Digital Forensics, Network Security","Ethical Hacking, SQL","Python, Digital Forensics",Data Science & AI,Hyderabad,8.9,6 Months,B.Tech CS / M.Tech
Tech Group,"NLP, Azure","JavaScript, Scikit-learn","React, NLP",Database Administration,Hyderabad,9.2,4 Months,B.E. Cloud Computing
Tech Hub Technologies,"Azure, Pandas","Node.js, Python","Python, Librosa",Database Administration,Bangalore,7.7,12 Months,B.Tech CS / IT
Tech Info Solutions,"Machine Learning, Node.js","Digital Forensics, C++","C++, Azure",Cybersecurity & Forensics,Coimbatore,6.8,4 Months,M.Sc Cyber Forensics
Tech Innovations,"Computer Vision, SQL","Python, AWS","Data Analysis, Network Security",DevOps,Mumbai,7.7,12 Months,Mechanical Engineering
Tech Link Technologies,"Incident Response, Pandas","Node.js, DevOps","PyTorch, C++",Software Engineering,Hyderabad,6.4,9 Months,B.E. Information Technology
Tech Mahindra,"C++, Bash","GCP, Network Security",Java,Cloud Computing,Mumbai,7.7,6 Months,B.Tech CS / IT
Tech Net Enterprises,"JavaScript, Data Analysis","PyTorch, Python","Bash, Azure",Web Development,Thiruvananthapuram,9,4 Months,B.E. Information Technology
Tech Net Technologies,"Deep Learning, SQL","Data Analysis, Librosa","Computer Vision, Azure",Software Engineering,Lucknow,8.2,2 Months,BCA / MCA
Tech Networks,"AWS, Data Analysis","Linux, Bash","Ethical Hacking, PowerBI",Web Development,Singapore,9.4,4 Months,BCA / MCA
Tech Sec Group,"SQL, Java","Kubernetes, Librosa","AWS, Scikit-learn",DevOps,Remote,7.6,2 Months,Mechanical Engineering
Tech Security,"Scikit-learn, TensorFlow","Linux, Pandas","Bash, Azure",Software Engineering,Seattle,8.9,4 Months,BCA / MCA
Tech Software,"OpenCV, Docker","Data Analysis, Linux","Kubernetes, DevOps",Cybersecurity & Forensics,San Francisco,6.5,6 Months,BCA / MCA
Tech Tech Enterprises,"C++, Data Analysis","PowerBI, Kubernetes","GCP, Data Analysis",Cloud Computing,Remote,8.1,12 Months,B.Tech CS / IT
Tech Technologies,"Java, Cybersecurity","Bash, Kubernetes","Docker, Mobile Forensics",Data Science & AI,Chennai,9,4 Months,B.Sc Statistics / Math
Tech Works Limited,"Network Security, Scikit-learn","Scikit-learn, Ethical Hacking","Incident Response, Pandas",Web Development,Remote,7.6,6 Months,B.Tech Computer Science
Technecall.com Services Pvt Ltd,"PyTorch, Linux","Data Analysis, DevOps","Node.js, Data Analysis",Cloud Computing,Mumbai,8.9,12 Months,B.Tech Cybersecurity
"TECHNOPARK, Trivandrum","Bash, Mobile Forensics","Node.js, Pandas","Kubernetes, DevOps",Cybersecurity & Forensics,Kolkata,6.7,2 Months,B.E. Cloud Computing
Technovate Data And Services Pvt. Ltd.,"OpenCV, TensorFlow","JavaScript, Scikit-learn","Node.js, Data Analysis",Software Engineering,New Delhi,6.3,3 Months,B.Sc / M.Sc Data Science
Techquest India Ltd.,"Deep Learning, Data Analysis","Deep Learning, GCP","Machine Learning, Azure",Cybersecurity & Forensics,Hyderabad,9,12 Months,B.E. Information Technology
Techsar Technologies Pvt Ltd,"React, Python","Computer Vision, JavaScript","Machine Learning, Azure",Cloud Computing,Bangalore,6.5,3 Months,BCA / MCA
TechSpan India Ltd.,"Librosa, AWS","TensorFlow, Linux","React, Azure",Cybersecurity & Forensics,Noida,9.3,6 Months,B.Tech CS / IT
Tektronix Engineering Development (I) Ltd.,"AWS, DevOps","PowerBI, TensorFlow","Bash, Scikit-learn",Data Science & AI,Bangalore,8.9,3 Months,BCA / MCA
Tele Atlas India Pvt Ltd,"AWS, SQL","AWS, Incident Response","Node.js, Data Analysis",Cloud Computing,Noida,8.6,12 Months,B.Tech CS / IT
Telecommunications Consultants India Ltd.,Web Development,"Network Security, Linux","Scikit-learn, OpenCV",Database Administration,New Delhi,8.2,3 Months,B.Tech CS / IT
Telelogic India Pvt Ltd,"Data Analysis, Linux","Incident Response, Deep Learning","Digital Forensics, Cybersecurity",Mobile App Development,Bangalore,8.1,9 Months,B.Tech Computer Science
Temenos India Pvt. Ltd.,"Network Security, Docker","C++, Digital Forensics",Azure,Database Administration,Chennai,6.9,6 Months,B.E. Information Technology
Texas Instruments India Ltd.,"Scikit-learn, Cybersecurity","Scikit-learn, Java",Librosa,Mobile App Development,Bangalore,7.8,12 Months,B.E. Information Technology
Texport Technologies Pvt Ltd,"Bash, Pandas","Network Security, AWS","Pandas, Data Analysis",Cloud Computing,Mumbai,8.8,4 Months,BCA / MCA
TGK (India) Ltd.,"OpenCV, Pandas","Docker, Bash","Kubernetes, DevOps",Cloud Computing,New Delhi,6.4,3 Months,B.E. Cloud Computing
The World Bank (IBRD),"Data Analysis, PyTorch","Python, Machine Learning","Bash, Computer Vision",Software Engineering,Chennai,9,12 Months,B.Sc Statistics / Math
Thermax Systems & Software,"Computer Vision, SQL","Linux, Cybersecurity","TensorFlow, Machine Learning",DevOps,Delhi,8.3,12 Months,B.Sc Statistics / Math
Thinksoft Global Services (P) Ltd,"Machine Learning, Cybersecurity","Cybersecurity, PowerBI","Node.js, React",Database Administration,Chennai,6.4,12 Months,B.Tech Computer Science
Thirdware Solution Ltd.,"Pandas, GCP","Librosa, NoSQL","Docker, TensorFlow",Software Engineering,Mumbai,8.8,9 Months,B.E. Cloud Computing
Thoughtworks Technologies India,"TensorFlow, Docker","Pandas, NoSQL","Machine Learning, Network Security",Cybersecurity & Forensics,Chennai,6.7,6 Months,B.Tech Cybersecurity
Thoughtworks Technologies India Pvt. Ltd.,"Cybersecurity, Librosa","AWS, Machine Learning","Machine Learning, Network Security",Database Administration,Bangalore,6.8,9 Months,BCA / MCA
Three S Solutions Ltd,"Deep Learning, Bash","PyTorch, Node.js","Cybersecurity, PyTorch",Web Development,New Delhi,7.7,12 Months,B.E. Information Technology
"Tracmail India Pvt. Ltd., Navi","Scikit-learn, Network Security","Kubernetes, Python","Scikit-learn, Computer Vision",Data Science & AI,Bangalore,8,2 Months,B.Tech Computer Science
TransWorks Information Services Pvt. Ltd.,"Kubernetes, Mobile Forensics","Ethical Hacking, Machine Learning","Librosa, React",Database Administration,Mumbai,6.4,9 Months,B.Sc Information Security
Transworld Infotech Ltd,"Pandas, GCP","Machine Learning, Librosa","Java, Kubernetes",Cybersecurity & Forensics,Pune,6.5,3 Months,B.Tech CS / IT
Traveljini.com Pvt Ltd,"C++, NoSQL","Scikit-learn, GCP",Scikit-learn,Cloud Computing,Mumbai,6.1,6 Months,Mechanical Engineering
"Tri Online Ltd., Orissa","TensorFlow, Cybersecurity","Network Security, Kubernetes","Digital Forensics, DevOps",Data Science & AI,Pune,8,2 Months,B.Tech Computer Science
Trident Infotech Corporation Ltd.,Web Development,"Pandas, Computer Vision","NoSQL, Pandas",Mobile App Development,Chandigarh,7.1,4 Months,B.Sc Statistics / Math
Trigent Software Ltd.,"JavaScript, Mobile Forensics","Data Analysis, Node.js","Network Security, Scikit-learn",Software Engineering,Bangalore,7.7,9 Months,B.Tech CS / IT
Trisoft System Pvt. Ltd,"Scikit-learn, Cybersecurity","Mobile Forensics, Java","Node.js, React",Mobile App Development,New Delhi,6.1,2 Months,B.Tech CS / IT
TVS eTechnology Limited,"Deep Learning, Linux","Machine Learning, DevOps","Librosa, PowerBI",Software Engineering,Chennai,6.7,4 Months,B.Tech Computer Science
U2Can Infosearch Pvt Ltd,"Java, Scikit-learn","SQL, Cybersecurity","Librosa, Mobile Forensics",Mobile App Development,Pune,7.2,4 Months,M.Sc Cyber Forensics
Uberall Solutions (I) Ltd,"NLP, TensorFlow","PyTorch, TensorFlow","Digital Forensics, Node.js",DevOps,Pune,7.8,3 Months,BCA / MCA
UBICS India Pvt. Ltd.,"Node.js, DevOps","Machine Learning, NLP","Bash, Linux",Mobile App Development,Bangalore,7.1,2 Months,B.E. Information Technology
UEC SAIL Information Technology Ltd.,"GCP, Ethical Hacking","Azure, Scikit-learn","Pandas, Docker",Mobile App Development,New Delhi,7.3,12 Months,B.E. Cloud Computing
Unitech Software Solutions Ltd,"NoSQL, Data Analysis","Librosa, PowerBI","PyTorch, Digital Forensics",Software Engineering,New Delhi,7,6 Months,BCA / MCA
Universal Print Systems Ltd,"TensorFlow, Mobile Forensics","JavaScript, Scikit-learn","SQL, Scikit-learn",Cloud Computing,Bangalore,6.4,2 Months,M.Sc Cyber Forensics
"Universal Software Technology Park (P) Ltd, Kerela","Librosa, Machine Learning","PowerBI, PyTorch","DevOps, Incident Response",Mobile App Development,Delhi,7.7,6 Months,B.E. Information Technology
UPTEC Computer Consultancy Ltd.,"Azure, Cybersecurity","Machine Learning, GCP","Cybersecurity, Java",Software Engineering,Lucknow,8.9,6 Months,B.Tech CS / IT
Usha Martin Infotech Ltd,"Docker, Java","Docker, JavaScript",Librosa,Database Administration,Gurgaon,7.5,6 Months,B.Tech Computer Science
UshaComm India Pvt. Ltd.,"Data Analysis, OpenCV","DevOps, OpenCV","Incident Response, Linux",Data Science & AI,Bangalore,8.4,9 Months,B.Tech CS / IT
"Ushus Technologies Pvt Ltd, Trivandrum","React, Azure","GCP, Node.js","NoSQL, JavaScript",Web Development,Gurgaon,8.9,12 Months,B.E. Information Technology
UST India,"Docker, Linux","PowerBI, Kubernetes","React, Machine Learning",Web Development,Kochi,6.9,6 Months,M.Sc Cyber Forensics
UTL Technologies Ltd.,"TensorFlow, Cybersecurity","React, Ethical Hacking","AWS, SQL",Web Development,Hyderabad,9,9 Months,M.Sc Cyber Forensics
V2 Infotech (India) Pvt. Ltd.,"Kubernetes, JavaScript","Node.js, C++","AWS, SQL",Cloud Computing,Mumbai,9.2,2 Months,B.E. Cloud Computing
Value Software Technologies Pvt. Ltd.,"Cybersecurity, SQL","Machine Learning, GCP","Scikit-learn, Ethical Hacking",Cloud Computing,Chennai,8.7,2 Months,B.E. Information Technology
Vayu AI Solutions,"Scikit-learn, Pandas","PowerBI, TensorFlow","Node.js, Librosa",Mobile App Development,Delhi,8.7,4 Months,B.Tech Computer Science
Vayu AI Systems,"Ethical Hacking, Librosa","Docker, Azure","React, Deep Learning",Cybersecurity & Forensics,Chandigarh,9,9 Months,B.Tech Cybersecurity
Vayu App Labs,"Librosa, React","Computer Vision, Java","Python, GCP",Web Development,Remote,6.9,4 Months,B.Tech Computer Science
Vayu Consulting Labs,"Pandas, OpenCV","NoSQL, Kubernetes","React, Computer Vision",Cloud Computing,Kolkata,8.9,9 Months,B.E. Cloud Computing
Vayu Consulting Solutions,"TensorFlow, Network Security","Mobile Forensics, Bash","Docker, Ethical Hacking",Cybersecurity & Forensics,Remote,7.3,6 Months,BCA / MCA
Vayu Cyber Analytics,"Kubernetes, Mobile Forensics","Docker, Kubernetes","Java, Mobile Forensics",Software Engineering,Coimbatore,7.3,4 Months,BCA / MCA
Vayu Cyber Systems,"Data Analysis, TensorFlow","Deep Learning, SQL","Digital Forensics, Scikit-learn",Cloud Computing,Chennai,7.4,2 Months,B.E. Cloud Computing
Vayu Data Limited,"Node.js, Cybersecurity","Python, Machine Learning","PowerBI, JavaScript",Data Science & AI,Kochi,8.5,4 Months,B.Sc Statistics / Math
Vayu Data Networks,"Incident Response, Python","Network Security, SQL","TensorFlow, Incident Response",Database Administration,Remote,8.5,9 Months,B.Tech CS / IT
Vayu Labs Labs,"TensorFlow, GCP","Network Security, DevOps","Docker, NoSQL",Mobile App Development,Ahmedabad,9,6 Months,B.Tech Computer Science
Vayu Labs Networks,"DevOps, Data Analysis","TensorFlow, Pandas","Librosa, React",Web Development,Remote,7.3,6 Months,B.E. Information Technology
Vayu Net Innovations,"Librosa, Azure","Kubernetes, Python","Digital Forensics, Bash",Web Development,Remote,8.3,3 Months,B.E. Information Technology
Vayu Services Enterprises,"NoSQL, Kubernetes","AWS, React","Incident Response, Kubernetes",Database Administration,Coimbatore,7,9 Months,Mechanical Engineering
Vayu Web Labs,"Librosa, Bash","C++, Digital Forensics","Deep Learning, Bash",Cloud Computing,Hyderabad,6.6,6 Months,Mechanical Engineering
Vayu Web Limited,"Scikit-learn, NoSQL","DevOps, OpenCV","Pandas, GCP",Cybersecurity & Forensics,Kochi,9.4,4 Months,M.Sc Cyber Forensics
Vayu Web Ventures,"Deep Learning, Data Analysis","Librosa, React","Node.js, Librosa",Data Science & AI,Chandigarh,8.9,12 Months,B.Tech CS / M.Tech
vCustomer Services India Pvt Ltd,"JavaScript, Computer Vision","React, Ethical Hacking","Incident Response, C++",Mobile App Development,New Delhi,9.3,4 Months,B.E. Information Technology
Vedic AI Pvt Ltd,"Docker, Ethical Hacking","SQL, Bash","Cybersecurity, Java",Cloud Computing,Noida,7.6,9 Months,B.E. Cloud Computing
Vedic Consulting Group,"Ethical Hacking, Cybersecurity","Computer Vision, PowerBI","Pandas, Scikit-learn",Data Science & AI,Gurgaon,8.7,9 Months,B.Tech CS / M.Tech
Vedic Consulting Networks,"Java, React","AWS, DevOps","Mobile Forensics, Node.js",Cloud Computing,Remote,9.2,3 Months,B.Tech CS / IT
Vedic Info Labs,"Mobile Forensics, React","Librosa, Python","OpenCV, Azure",Cybersecurity & Forensics,Gurgaon,8.4,3 Months,M.Sc Cyber Forensics
Vedic Labs Labs,"Cybersecurity, SQL","Linux, Mobile Forensics","AWS, SQL",DevOps,Remote,6.5,4 Months,B.Tech CS / IT
Vedic Link Networks,"SQL, Data Analysis","PowerBI, C++","JavaScript, Node.js",Mobile App Development,Remote,7.5,3 Months,B.E. Information Technology
Vedic Net Limited,"Librosa, Node.js","Bash, Python","Docker, C++",Database Administration,Bhubaneswar,7.9,12 Months,B.E. Cloud Computing
Vedic Services Systems,"TensorFlow, Network Security","NoSQL, Docker","AWS, Ethical Hacking",Cloud Computing,Remote,8.1,2 Months,B.E. Cloud Computing
Vedic Soft Networks,"NoSQL, PowerBI","Cybersecurity, Data Analysis","Azure, Scikit-learn",Cloud Computing,Thiruvananthapuram,8.5,2 Months,B.Tech CS / IT
Vedic Space Ventures,"PyTorch, Python","Docker, DevOps","Kubernetes, Docker",Cybersecurity & Forensics,Mumbai,6.2,4 Months,M.Sc Cyber Forensics
Vedika Software Pvt. Ltd.,"Linux, Data Analysis","Pandas, C++","GCP, PyTorch",Data Science & AI,Kolkata,7.1,9 Months,B.Sc / M.Sc Data Science
Velocient Technologies Limited,"SQL, Mobile Forensics","Deep Learning, NoSQL","PowerBI, Docker",Web Development,New Delhi,8.6,6 Months,B.Tech CS / IT
Venire IT Ltd.,"NLP, Incident Response","Azure, Incident Response","Azure, Computer Vision",Data Science & AI,Gurgaon,8.7,2 Months,B.E. Cloud Computing
Vetri Software (India) Ltd.,"AWS, Mobile Forensics","GCP, SQL","NLP, TensorFlow",Cybersecurity & Forensics,Chennai,7.6,3 Months,B.E. Cloud Computing
VGL Softech Limited,"Cybersecurity, Linux","PowerBI, TensorFlow","React, Computer Vision",Software Engineering,Jaipur,7.3,4 Months,B.E. Information Technology
Vibgyor Graphics & Research Centre Ltd.,Web Development,"PyTorch, PowerBI","Kubernetes, Python",Web Development,Chennai,7.5,3 Months,M.Sc Cyber Forensics
Videsh Sanchar Nigam Limited,"Java, Node.js","Java, Machine Learning","Docker, Ethical Hacking",Mobile App Development,Mumbai,8.6,12 Months,B.Tech Computer Science
Vindhya AI Analytics,"TensorFlow, Java","React, GCP","Mobile Forensics, PyTorch",Cybersecurity & Forensics,Jaipur,8.4,6 Months,M.Sc Cyber Forensics
Vindhya App Systems,"Computer Vision, NLP","GCP, Pandas","Cybersecurity, C++",Software Engineering,Remote,9.3,9 Months,B.Tech Computer Science
Vindhya App Technologies,"Ethical Hacking, Java","Incident Response, Deep Learning","OpenCV, Linux",Cybersecurity & Forensics,Chandigarh,6.1,9 Months,BCA / MCA
Vindhya Cloud Solutions,"Deep Learning, Bash","Java, Pandas","NLP, TensorFlow",Software Engineering,Kolkata,8.3,4 Months,BCA / MCA
Vindhya Com Group,"Computer Vision, React","PyTorch, Bash","Node.js, AWS",Cybersecurity & Forensics,Thiruvananthapuram,6.2,6 Months,M.Sc Cyber Forensics
Vindhya Consulting Enterprises,"C++, NoSQL","PowerBI, OpenCV","JavaScript, Java",DevOps,Thiruvananthapuram,7.5,12 Months,B.Tech CS / IT
Vindhya Consulting Ventures,"JavaScript, TensorFlow","Machine Learning, Incident Response","C++, OpenCV",Mobile App Development,Ahmedabad,6.5,6 Months,B.E. Information Technology
Vindhya Cyber Pvt Ltd,"Pandas, NoSQL","Node.js, React","Machine Learning, Java",Cloud Computing,Remote,8.2,6 Months,Mechanical Engineering
Vindhya Labs Group,"Ethical Hacking, Data Analysis","Java, OpenCV","NoSQL, Machine Learning",Cloud Computing,Lucknow,6.1,2 Months,Mechanical Engineering
Vindhya Link Enterprises,"OpenCV, Cybersecurity","Mobile Forensics, DevOps","Ethical Hacking, Scikit-learn",Mobile App Development,Kochi,8.6,6 Months,B.E. Information Technology
Vindhya Sec Systems,"Data Analysis, Bash","Pandas, OpenCV","Deep Learning, TensorFlow",Cloud Computing,Remote,9,2 Months,B.Tech CS / IT
Vindhya Services Technologies,"React, Deep Learning","OpenCV, Node.js","DevOps, Linux",Web Development,Remote,8.5,3 Months,B.Tech Computer Science
Virmati Software &,"Incident Response, Node.js","Docker, JavaScript","Computer Vision, Java",DevOps,Mumbai,7.3,9 Months,B.Tech Computer Science
Visesh Infosystems Limited,Web Development,"C++, Docker","PowerBI, Incident Response",Cloud Computing,Bangalore,8.2,6 Months,B.Tech Cybersecurity
Vision Analytics,"Python, GCP","Digital Forensics, NLP",Cybersecurity,Cybersecurity & Forensics,Chennai,9.2,4 Months,B.Sc Information Security
Vision Comptech Integrators Ltd,"DevOps, Kubernetes","Azure, Librosa","Python, JavaScript",Mobile App Development,Kolkata,8.1,9 Months,Mechanical Engineering
Vision Corp,"Computer Vision, Bash","Scikit-learn, Mobile Forensics","Docker, Computer Vision",Cybersecurity & Forensics,London,9.1,12 Months,B.Tech Cybersecurity
Vision Data,"Java, Node.js","Cybersecurity, PyTorch","Pandas, SQL",Web Development,London,6.8,3 Months,B.E. Information Technology
Vision Dynamics,"Ethical Hacking, Linux","DevOps, Java","Digital Forensics, DevOps",Web Development,Mumbai,8.9,12 Months,B.E. Information Technology
Vision Group,"GCP, Data Analysis","PyTorch, Java","Pandas, Deep Learning",Cloud Computing,Noida,7.2,12 Months,B.Tech CS / IT
Vision Healthsource (I) Pvt. Ltd.,"Java, Ethical Hacking","DevOps, Kubernetes","Network Security, Mobile Forensics",DevOps,Chennai,7.1,4 Months,Mechanical Engineering
Vision Innovations,"Mobile Forensics, DevOps","Cybersecurity, Data Analysis","Node.js, Bash",Mobile App Development,Pune,6.5,9 Months,BCA / MCA
Vision Labs,"Docker, AWS","Pandas, PowerBI","Machine Learning, GCP",Data Science & AI,Gurgaon,8.6,9 Months,B.Sc Statistics / Math
Vision Networks,"SQL, Bash","TensorFlow, Python","NLP, Librosa",DevOps,San Francisco,7.2,3 Months,B.E. Cloud Computing
Vision Security,"Bash, Cybersecurity","JavaScript, Java","TensorFlow, Python",DevOps,Gurgaon,7.1,12 Months,B.E. Cloud Computing
Vision Software,"Scikit-learn, Network Security","Bash, NoSQL","Machine Learning, OpenCV",Web Development,Kolkata,6.9,3 Months,BCA / MCA
Vispark Solutions (I) Pvt Ltd,"Deep Learning, GCP","Azure, Python","OpenCV, Linux",Cybersecurity & Forensics,Coimbatore,7.3,2 Months,B.E. Information Technology
Visual Web Solutions Ltd,"Computer Vision, Incident Response","Bash, Machine Learning","PyTorch, Java",Software Engineering,Bangalore,7.1,9 Months,B.Sc / M.Sc Data Science
VisualSoft Technologies Ltd.,"DevOps, OpenCV","Cybersecurity, Data Analysis","Docker, NoSQL",Software Engineering,Hyderabad,6.5,3 Months,B.E. Cloud Computing
VJIL Consulting Limited,"React, Azure","Cybersecurity, PowerBI","DevOps, Python",Cybersecurity & Forensics,Secunderabad,9.4,3 Months,Mechanical Engineering
vMoksha Technologies Pvt Ltd,"Data Analysis, Linux","Kubernetes, Cybersecurity","Ethical Hacking, Cybersecurity",Database Administration,Bangalore,8.2,12 Months,B.E. Information Technology
VMware,"Data Analysis, Node.js","Node.js, GCP","Azure, Data Analysis",DevOps,London,7.2,12 Months,B.Tech CS / IT
vSplash TechWorks Pvt Ltd,"Network Security, Mobile Forensics","PowerBI, Scikit-learn","Kubernetes, NLP",Cybersecurity & Forensics,Hyderabad,7.7,2 Months,BCA / MCA
Vt Plex (India) Pvt. Ltd.,"Cybersecurity, Linux","GCP, Digital Forensics","Azure, Computer Vision",Cloud Computing,New Delhi,7.1,6 Months,BCA / MCA
Vulcan Infotech,"AWS, Docker","DevOps, Java","Node.js, AWS",Cloud Computing,Mumbai,9,3 Months,BCA / MCA
VXL eTech Ltd,"Kubernetes, JavaScript","Data Analysis, Linux","Machine Learning, Network Security",Database Administration,Bangalore,8.6,4 Months,B.Tech Computer Science
Vyapin Software Systems Pvt. Ltd.,Web Development,"Digital Forensics, SQL","Kubernetes, PowerBI",Mobile App Development,Chennai,9,3 Months,B.E. Information Technology
Walchand Cricketnext.com Limited,"Docker, Deep Learning","GCP, Network Security","Python, Digital Forensics",Cloud Computing,Mumbai,8.3,6 Months,Mechanical Engineering
Walchand Infotech,"Ethical Hacking, NLP","Scikit-learn, AWS","Bash, Linux",Data Science & AI,Pune,7.3,4 Months,B.Tech CS / IT
Weal Infotech Ltd.,"Scikit-learn, Cybersecurity","Java, Scikit-learn","Bash, Cybersecurity",Cybersecurity & Forensics,Hyderabad,8.7,3 Months,BCA / MCA
Web Development Company Pvt Ltd,"Data Analysis, Linux","Node.js, OpenCV","AWS, Azure",DevOps,Kolkata,8.8,2 Months,B.E. Information Technology
Web Spiders (I) Pvt Ltd,"Bash, OpenCV","Linux, Librosa","Deep Learning, PyTorch",Cloud Computing,Kolkata,9.2,12 Months,B.Tech Computer Science
Webresource Pvt Ltd,"Java, Ethical Hacking","OpenCV, Node.js","Docker, NLP",Web Development,Mumbai,6.8,4 Months,B.Tech Computer Science
West Bengal Electronics Industry Development Corporation Ltd.,"Digital Forensics, GCP","Cybersecurity, Java","Bash, Java",DevOps,Kolkata,9.3,4 Months,BCA / MCA
Wilco International Systems Pvt. Ltd.,"Kubernetes, PyTorch","SQL, Bash","React, Network Security",Software Engineering,Hyderabad,8.9,2 Months,BCA / MCA
Wipro,"Python, Network Security","Pandas, C++",Bash,Web Development,Seattle,8.5,2 Months,B.E. Information Technology
Wipro Limited,"Data Analysis, Linux","Digital Forensics, Pandas","Docker, Network Security",Cloud Computing,Chandigarh,6,2 Months,M.Sc Cyber Forensics
Wipro Technologies,"OpenCV, Mobile Forensics","PowerBI, OpenCV","Librosa, Computer Vision",Cloud Computing,Bangalore,8.1,3 Months,BCA / MCA
Xansa (India) Ltd,Web Development,"Linux, Librosa","PowerBI, Java",Software Engineering,Noida,7.8,3 Months,B.Sc / M.Sc Data Science
Xcelvision Technologies Limited,"Deep Learning, Linux","SQL, Linux","Bash, Network Security",Cloud Computing,Mumbai,8.6,2 Months,Mechanical Engineering
Xerox Modicorp Limited,"Ethical Hacking, Network Security","Docker, Python","Cybersecurity, GCP",Cloud Computing,Gurgaon,8.8,12 Months,Mechanical Engineering
XL Softech Systems Limited,Web Development,"PyTorch, Node.js","Pandas, SQL",Cloud Computing,Hyderabad,6.2,4 Months,Mechanical Engineering
XLN'ce Software (Div. Of BLA Industries Ltd.),"SQL, Python","DevOps, Azure","Bash, C++",Cybersecurity & Forensics,Mumbai,6.8,2 Months,M.Sc Cyber Forensics
Xoriant Solutions Pvt Ltd,"GCP, Computer Vision","OpenCV, Computer Vision","Bash, Deep Learning",Mobile App Development,Mumbai,8.3,12 Months,B.E. Cloud Computing
Yamuna AI Innovations,"Incident Response, Bash","DevOps, NLP","Bash, Network Security",Cybersecurity & Forensics,Indore,6,12 Months,BCA / MCA
Yamuna AI Solutions,"Incident Response, Node.js","Linux, OpenCV","Bash, Scikit-learn",Software Engineering,Gurgaon,9.4,2 Months,BCA / MCA
Yamuna Cloud Solutions,"PyTorch, PowerBI","Kubernetes, Cybersecurity","Machine Learning, Azure",Software Engineering,Bhubaneswar,8,4 Months,B.Tech Computer Science
Yamuna Com Analytics,"Bash, Azure","NoSQL, Java","NLP, PyTorch",Cloud Computing,Remote,9.1,2 Months,Mechanical Engineering
Yamuna Data Labs,"Mobile Forensics, GCP","PowerBI, Digital Forensics","Node.js, Computer Vision",Data Science & AI,Noida,8.4,2 Months,B.Tech CS / M.Tech
Yamuna Soft Analytics,"JavaScript, Kubernetes","PowerBI, GCP","NoSQL, PowerBI",Database Administration,Chandigarh,7.3,6 Months,B.E. Cloud Computing
Yamuna Soft Limited,"Linux, Node.js","Node.js, Kubernetes","Java, Kubernetes",Mobile App Development,Chennai,7.6,2 Months,B.Tech Computer Science
Yamuna Soft Networks,"Librosa, GCP","Digital Forensics, Cybersecurity","React, AWS",Mobile App Development,Remote,6,6 Months,BCA / MCA
Yamuna Solutions Limited,"OpenCV, React","Bash, Ethical Hacking","React, Kubernetes",Database Administration,Remote,6.4,12 Months,Mechanical Engineering
Yamuna Solutions Systems,"Kubernetes, Mobile Forensics","PyTorch, Bash","Python, JavaScript",Cybersecurity & Forensics,Jaipur,8.2,3 Months,B.Sc Information Security
Yojana Systems Pvt. Ltd.,"Azure, Mobile Forensics","Scikit-learn, Java","NoSQL, Python",DevOps,Pune,6.7,9 Months,BCA / MCA
Zen Technologies Ltd,"Pandas, TensorFlow","Docker, Bash","NLP, Incident Response",Cloud Computing,Secunderabad,7.7,9 Months,B.Tech CS / IT
Zenith Analytics,"JavaScript, NoSQL","Data Analysis, NoSQL",Linux,Software Engineering,Hyderabad,6.4,9 Months,B.E. Information Technology
Zenith Computers Ltd.,"JavaScript, Data Analysis","Deep Learning, Machine Learning","Bash, AWS",Data Science & AI,Mumbai,6.3,4 Months,M.Sc Cyber Forensics
Zenith Consulting,"Kubernetes, TensorFlow","Digital Forensics, Pandas","Librosa, PowerBI",DevOps,Pune,6.4,3 Months,B.E. Cloud Computing
Zenith Corp,"SQL, Kubernetes","C++, PowerBI","PowerBI, Incident Response",DevOps,Chennai,8.7,6 Months,Mechanical Engineering
Zenith Dynamics,"Node.js, JavaScript","Machine Learning, Librosa","OpenCV, Bash",Cybersecurity & Forensics,Seattle,9.2,9 Months,BCA / MCA
Zenith Group,"Network Security, Cybersecurity","NLP, Azure","NoSQL, Data Analysis",Data Science & AI,Gurgaon,8.8,4 Months,B.Sc Statistics / Math
Zenith Inc,"TensorFlow, Scikit-learn","AWS, Mobile Forensics",Computer Vision,Software Engineering,Bangalore,8.8,9 Months,B.Tech Computer Science
Zenith Infotech Ltd.,"Node.js, JavaScript","PowerBI, Mobile Forensics",DevOps,Cloud Computing,Mumbai,7.2,9 Months,BCA / MCA
Zenith Labs,"C++, TensorFlow","Python, NoSQL",Kubernetes,Cloud Computing,Noida,6.5,2 Months,B.Tech CS / IT
Zenith Networks,"GCP, Ethical Hacking","Librosa, GCP","Digital Forensics, Incident Response",Web Development,Kolkata,6,6 Months,BCA / MCA
Zenith Security,"C++, Azure","Data Analysis, DevOps","Digital Forensics, Data Analysis",Database Administration,Gurgaon,8.5,4 Months,B.Tech CS / IT
Zenith Software Limited,"NoSQL, C++","GCP, Cybersecurity","Computer Vision, GCP",Web Development,Bangalore,6.7,2 Months,B.Sc Information Security
Zenith Solutions,"SQL, Data Analysis","OpenCV, Deep Learning","Pandas, Node.js",Software Engineering,London,7.5,2 Months,B.Tech Computer Science
Zenith Tech,"PowerBI, Scikit-learn","Azure, OpenCV",Linux,Data Science & AI,Mumbai,7.2,3 Months,B.Sc / M.Sc Data Science
Zenith Technologies,"DevOps, React","GCP, Cybersecurity","Kubernetes, PowerBI",Web Development,Mumbai,7.6,6 Months,BCA / MCA
Zensar Technologies,"Cybersecurity, DevOps","SQL, TensorFlow","PowerBI, Incident Response",Software Engineering,Chennai,7.5,12 Months,B.Sc / M.Sc Data Science
Zensar Technologies Limited,"NLP, Network Security","GCP, Digital Forensics","Scikit-learn, NLP",Data Science & AI,Pune,9.5,9 Months,B.Tech CS / IT
Zoho Corporation,"PowerBI, Deep Learning","OpenCV, Ethical Hacking","Docker, GCP",DevOps,Hyderabad,8.3,3 Months,B.Tech CS / IT
Zomato,"OpenCV, Mobile Forensics","Data Analysis, NoSQL","JavaScript, Linux",Mobile App Development,London,8.4,4 Months,B.Tech Computer Science
Zycus Infotech Pvt. Ltd.,"Digital Forensics, Data Analysis","PyTorch, Azure",Ethical Hacking,Software Engineering,Mumbai,8.4,6 Months,B.E. Cloud Computing
